<?xml version='1.0' encoding='utf-8'?>
<Laboratorio_Control_Automatico>
	<Configuracion>
		<Dispositivo>COM8</Dispositivo>
		<Velocidad>115200</Velocidad>
		<Tiempo_Muestreo>20</Tiempo_Muestreo>
		<Numero_Muestras>1000</Numero_Muestras>
	</Configuracion>
	<Linea>
		<Nombre>Linea_11</Nombre>
		<Bloque_Inicio>SAT_0</Bloque_Inicio>
		<Bloque_Fin>DAC_0</Bloque_Fin>
		<Nodos>[588, 248, 601, 248, 601, 248, 618, 248]</Nodos>
	</Linea>
	<Linea>
		<Nombre>Linea_5</Nombre>
		<Bloque_Inicio>SCOPE_3</Bloque_Inicio>
		<Bloque_Fin>SAT_0</Bloque_Fin>
		<Nodos>[495, 248, 509, 248, 509, 248, 524, 248]</Nodos>
	</Linea>
	<Linea>
		<Nombre>Linea_3</Nombre>
		<Bloque_Inicio>RE_0</Bloque_Inicio>
		<Bloque_Fin>SCOPE_3</Bloque_Fin>
		<Nodos>[403, 248, 417, 248, 417, 248, 431, 248]</Nodos>
	</Linea>
	<Linea>
		<Nombre>Linea_2</Nombre>
		<Bloque_Inicio>SCOPE_4</Bloque_Inicio>
		<Bloque_Fin>RE_0</Bloque_Fin>
		<Nodos>[272, 414, 305, 414, 305, 268, 339, 268]</Nodos>
	</Linea>
	<Linea>
		<Nombre>Linea_10</Nombre>
		<Bloque_Inicio>SCOPE_1</Bloque_Inicio>
		<Bloque_Fin>RE_0</Bloque_Fin>
		<Nodos>[274, 324, 292, 324, 292, 255, 339, 255]</Nodos>
	</Linea>
	<Linea>
		<Nombre>Linea_9</Nombre>
		<Bloque_Inicio>DER_0</Bloque_Inicio>
		<Bloque_Fin>SCOPE_4</Bloque_Fin>
		<Nodos>[183, 381, 195, 381, 195, 414, 208, 414]</Nodos>
	</Linea>
	<Linea>
		<Nombre>Linea_8</Nombre>
		<Bloque_Inicio>DER_0</Bloque_Inicio>
		<Bloque_Fin>SCOPE_1</Bloque_Fin>
		<Nodos>[183, 355, 196, 355, 196, 324, 210, 324]</Nodos>
	</Linea>
	<Linea>
		<Nombre>Linea_7</Nombre>
		<Bloque_Inicio>ADC_0</Bloque_Inicio>
		<Bloque_Fin>DER_0</Bloque_Fin>
		<Nodos>[95, 368, 107, 368, 107, 367, 119, 367]</Nodos>
	</Linea>
	<Linea>
		<Nombre>Linea_0</Nombre>
		<Bloque_Inicio>STEP_0</Bloque_Inicio>
		<Bloque_Fin>SCOPE_0</Bloque_Fin>
		<Nodos>[144, 193, 166, 193, 166, 194, 174, 194]</Nodos>
	</Linea>
	<Linea>
		<Nombre>Linea_1</Nombre>
		<Bloque_Inicio>SCOPE_0</Bloque_Inicio>
		<Bloque_Fin>RE_0</Bloque_Fin>
		<Nodos>[238, 194, 274, 194, 274, 229, 339, 229]</Nodos>
	</Linea>
	<Linea>
		<Nombre>Linea_4</Nombre>
		<Bloque_Inicio>DAC_0</Bloque_Inicio>
		<Bloque_Fin>ENTP_0</Bloque_Fin>
		<Nodos>[682, 248, 696, 248, 696, 248, 713, 248]</Nodos>
	</Linea>
	<ADC>
		<Nombre>ADC_0</Nombre>
		<Posicion_X>63</Posicion_X>
		<Posicion_Y>369</Posicion_Y>
		<Entrada_1 />
		<Salida_1>Linea_7</Salida_1>
		<Variable_Rango>7</Variable_Rango>
		<Variable_Tiempo_Muestreo>10</Variable_Tiempo_Muestreo>
		<Variable_Ganancia>0.5</Variable_Ganancia>
	</ADC>
	<RE>
		<Nombre>RE_0</Nombre>
		<Tipo_RE>RE_2x1</Tipo_RE>
		<Posicion_X>371</Posicion_X>
		<Posicion_Y>249</Posicion_Y>
		<Entrada_1>Linea_1</Entrada_1>
		<Entrada_2 />
		<Entrada_3>Linea_10</Entrada_3>
		<Entrada_4>Linea_2</Entrada_4>
		<Entrada_5 />
		<Entrada_6 />
		<Entrada_7 />
		<Salida_1>Linea_3</Salida_1>
		<Salida_2 />
		<Variable_Tipo>2</Variable_Tipo>
		<Variable_N>2</Variable_N>
		<Variable_M>1</Variable_M>
		<Variable_Y1>x1</Variable_Y1>
		<Variable_Y2>x2</Variable_Y2>
		<Variable_K0>1</Variable_K0>
		<Variable_Matriz_K>[-1.5211, -0.1851]</Variable_Matriz_K>
		<Variable_Matriz_Ki>[1.1926]</Variable_Matriz_Ki>
	</RE>
	<SAT>
		<Nombre>SAT_0</Nombre>
		<Posicion_X>556</Posicion_X>
		<Posicion_Y>249</Posicion_Y>
		<Entrada_1>Linea_5</Entrada_1>
		<Salida_1>Linea_11</Salida_1>
		<Variable_Limite_Superior>4</Variable_Limite_Superior>
		<Variable_Limite_Inferior>0</Variable_Limite_Inferior>
	</SAT>
	<ENTP>
		<Nombre>ENTP_0</Nombre>
		<Posicion_X>743</Posicion_X>
		<Posicion_Y>248</Posicion_Y>
		<Entrada_1>Linea_4</Entrada_1>
		<Variable_Nombre_Bloque>Ua</Variable_Nombre_Bloque>
	</ENTP>
	<DAC>
		<Nombre>DAC_0</Nombre>
		<Posicion_X>650</Posicion_X>
		<Posicion_Y>249</Posicion_Y>
		<Entrada_1>Linea_11</Entrada_1>
		<Salida_1>Linea_4</Salida_1>
		<Variable_Rango>2</Variable_Rango>
		<Variable_Tiempo_Muestreo>10</Variable_Tiempo_Muestreo>
		<Variable_Ganancia>0.4167</Variable_Ganancia>
	</DAC>
	<SCOPE>
		<Nombre>SCOPE_4</Nombre>
		<Posicion_X>240</Posicion_X>
		<Posicion_Y>415</Posicion_Y>
		<Entrada_1>Linea_9</Entrada_1>
		<Salida_1>Linea_2</Salida_1>
		<Variable_Nombre_Bloque>ACELERACION</Variable_Nombre_Bloque>
	</SCOPE>
	<SCOPE>
		<Nombre>SCOPE_1</Nombre>
		<Posicion_X>242</Posicion_X>
		<Posicion_Y>325</Posicion_Y>
		<Entrada_1>Linea_8</Entrada_1>
		<Salida_1>Linea_10</Salida_1>
		<Variable_Nombre_Bloque>VELOCIDAD</Variable_Nombre_Bloque>
	</SCOPE>
	<SCOPE>
		<Nombre>SCOPE_0</Nombre>
		<Posicion_X>206</Posicion_X>
		<Posicion_Y>195</Posicion_Y>
		<Entrada_1>Linea_0</Entrada_1>
		<Salida_1>Linea_1</Salida_1>
		<Variable_Nombre_Bloque>ENTRADA</Variable_Nombre_Bloque>
	</SCOPE>
	<SCOPE>
		<Nombre>SCOPE_3</Nombre>
		<Posicion_X>463</Posicion_X>
		<Posicion_Y>249</Posicion_Y>
		<Entrada_1>Linea_3</Entrada_1>
		<Salida_1>Linea_5</Salida_1>
		<Variable_Nombre_Bloque>REI</Variable_Nombre_Bloque>
	</SCOPE>
	<STEP>
		<Nombre>STEP_0</Nombre>
		<Posicion_X>112</Posicion_X>
		<Posicion_Y>194</Posicion_Y>
		<Salida_1>Linea_0</Salida_1>
		<Variable_Escalon>1</Variable_Escalon>
		<Variable_Valor_Inicial>0</Variable_Valor_Inicial>
		<Variable_Valor_Final>4</Variable_Valor_Final>
	</STEP>
	<DER>
		<Nombre>DER_0</Nombre>
		<Posicion_X>151</Posicion_X>
		<Posicion_Y>368</Posicion_Y>
		<Entrada_1>Linea_7</Entrada_1>
		<Salida_1>Linea_8</Salida_1>
		<Salida_2>Linea_9</Salida_2>
	</DER>
</Laboratorio_Control_Automatico>