<?xml version='1.0' encoding='utf-8'?>
<Laboratorio_Control_Automatico>
	<Configuracion>
		<Dispositivo>COM10</Dispositivo>
		<Velocidad>115200</Velocidad>
		<Tiempo_Muestreo>20</Tiempo_Muestreo>
		<Numero_Muestras>1000</Numero_Muestras>
	</Configuracion>
	<Linea>
		<Nombre>Linea_10</Nombre>
		<Bloque_Inicio>SCOPE_1</Bloque_Inicio>
		<Bloque_Fin>PWM_0</Bloque_Fin>
		<Nodos>[288, 62, 312, 62, 312, 61, 338, 61]</Nodos>
	</Linea>
	<Linea>
		<Nombre>Linea_7</Nombre>
		<Bloque_Inicio>ADC_0</Bloque_Inicio>
		<Bloque_Fin>SCOPE_1</Bloque_Fin>
		<Nodos>[181, 62, 202, 62, 202, 62, 224, 62]</Nodos>
	</Linea>
	<Linea>
		<Nombre>Linea_8</Nombre>
		<Bloque_Inicio>SCOPE_2</Bloque_Inicio>
		<Bloque_Fin>PWM_1</Bloque_Fin>
		<Nodos>[279, 498, 313, 498, 313, 498, 347, 498]</Nodos>
	</Linea>
	<Linea>
		<Nombre>Linea_11</Nombre>
		<Bloque_Inicio>ADC_1</Bloque_Inicio>
		<Bloque_Fin>SCOPE_2</Bloque_Fin>
		<Nodos>[174, 498, 194, 498, 194, 498, 215, 498]</Nodos>
	</Linea>
	<Linea>
		<Nombre>Linea_9</Nombre>
		<Bloque_Inicio>DAC_0</Bloque_Inicio>
		<Bloque_Fin>ENTP_0</Bloque_Fin>
		<Nodos>[746, 253, 763, 253, 763, 253, 780, 253]</Nodos>
	</Linea>
	<Linea>
		<Nombre>Linea_6</Nombre>
		<Bloque_Inicio>SCOPE_0</Bloque_Inicio>
		<Bloque_Fin>SAT_0</Bloque_Fin>
		<Nodos>[548, 253, 567, 253, 567, 253, 586, 253]</Nodos>
	</Linea>
	<Linea>
		<Nombre>Linea_5</Nombre>
		<Bloque_Inicio>SAT_0</Bloque_Inicio>
		<Bloque_Fin>DAC_0</Bloque_Fin>
		<Nodos>[650, 253, 666, 253, 666, 253, 682, 253]</Nodos>
	</Linea>
	<Linea>
		<Nombre>Linea_4</Nombre>
		<Bloque_Inicio>SUM_1</Bloque_Inicio>
		<Bloque_Fin>SCOPE_0</Bloque_Fin>
		<Nodos>[449, 253, 466, 253, 466, 253, 484, 253]</Nodos>
	</Linea>
	<Linea>
		<Nombre>Linea_3</Nombre>
		<Bloque_Inicio>TRAPECIO_2</Bloque_Inicio>
		<Bloque_Fin>SUM_1</Bloque_Fin>
		<Nodos>[177, 319, 279, 319, 279, 266, 385, 266]</Nodos>
	</Linea>
	<Linea>
		<Nombre>Linea_2</Nombre>
		<Bloque_Inicio>SUM_0</Bloque_Inicio>
		<Bloque_Fin>SUM_1</Bloque_Fin>
		<Nodos>[344, 163, 365, 163, 365, 240, 385, 240]</Nodos>
	</Linea>
	<Linea>
		<Nombre>Linea_1</Nombre>
		<Bloque_Inicio>TRAPECIO_1</Bloque_Inicio>
		<Bloque_Fin>SUM_0</Bloque_Fin>
		<Nodos>[177, 234, 229, 234, 229, 176, 280, 176]</Nodos>
	</Linea>
	<Linea>
		<Nombre>Linea_0</Nombre>
		<Bloque_Inicio>TRAPECIO_0</Bloque_Inicio>
		<Bloque_Fin>SUM_0</Bloque_Fin>
		<Nodos>[181, 150, 231, 150, 231, 150, 280, 150]</Nodos>
	</Linea>
	<ADC>
		<Nombre>ADC_1</Nombre>
		<Posicion_X>142</Posicion_X>
		<Posicion_Y>499</Posicion_Y>
		<Entrada_1 />
		<Salida_1>Linea_11</Salida_1>
		<Variable_Rango>7</Variable_Rango>
		<Variable_Tiempo_Muestreo>10</Variable_Tiempo_Muestreo>
		<Variable_Ganancia>0.1</Variable_Ganancia>
	</ADC>
	<ADC>
		<Nombre>ADC_0</Nombre>
		<Posicion_X>149</Posicion_X>
		<Posicion_Y>63</Posicion_Y>
		<Entrada_1 />
		<Salida_1>Linea_7</Salida_1>
		<Variable_Rango>7</Variable_Rango>
		<Variable_Tiempo_Muestreo>10</Variable_Tiempo_Muestreo>
		<Variable_Ganancia>0.5</Variable_Ganancia>
	</ADC>
	<PWM>
		<Nombre>PWM_1</Nombre>
		<Posicion_X>379</Posicion_X>
		<Posicion_Y>499</Posicion_Y>
		<Entrada_1>Linea_8</Entrada_1>
		<Salida_1 />
		<Variable_Tipo>0</Variable_Tipo>
		<Variable_Periodo>500</Variable_Periodo>
		<Variable_Amplitud>1</Variable_Amplitud>
	</PWM>
	<PWM>
		<Nombre>PWM_0</Nombre>
		<Posicion_X>370</Posicion_X>
		<Posicion_Y>62</Posicion_Y>
		<Entrada_1>Linea_10</Entrada_1>
		<Salida_1 />
		<Variable_Tipo>0</Variable_Tipo>
		<Variable_Periodo>500</Variable_Periodo>
		<Variable_Amplitud>1</Variable_Amplitud>
	</PWM>
	<SAT>
		<Nombre>SAT_0</Nombre>
		<Posicion_X>618</Posicion_X>
		<Posicion_Y>254</Posicion_Y>
		<Entrada_1>Linea_6</Entrada_1>
		<Salida_1>Linea_5</Salida_1>
		<Variable_Limite_Superior>4</Variable_Limite_Superior>
		<Variable_Limite_Inferior>0</Variable_Limite_Inferior>
	</SAT>
	<ENTP>
		<Nombre>ENTP_0</Nombre>
		<Posicion_X>810</Posicion_X>
		<Posicion_Y>253</Posicion_Y>
		<Entrada_1>Linea_9</Entrada_1>
		<Variable_Nombre_Bloque>Ua</Variable_Nombre_Bloque>
	</ENTP>
	<DAC>
		<Nombre>DAC_0</Nombre>
		<Posicion_X>714</Posicion_X>
		<Posicion_Y>254</Posicion_Y>
		<Entrada_1>Linea_5</Entrada_1>
		<Salida_1>Linea_9</Salida_1>
		<Variable_Rango>2</Variable_Rango>
		<Variable_Tiempo_Muestreo>10</Variable_Tiempo_Muestreo>
		<Variable_Ganancia>1.0058</Variable_Ganancia>
	</DAC>
	<SCOPE>
		<Nombre>SCOPE_2</Nombre>
		<Posicion_X>247</Posicion_X>
		<Posicion_Y>499</Posicion_Y>
		<Entrada_1>Linea_11</Entrada_1>
		<Salida_1>Linea_8</Salida_1>
		<Variable_Nombre_Bloque>CORRIENTE</Variable_Nombre_Bloque>
	</SCOPE>
	<SCOPE>
		<Nombre>SCOPE_1</Nombre>
		<Posicion_X>256</Posicion_X>
		<Posicion_Y>63</Posicion_Y>
		<Entrada_1>Linea_7</Entrada_1>
		<Salida_1>Linea_10</Salida_1>
		<Variable_Nombre_Bloque>VELOCIDAD</Variable_Nombre_Bloque>
	</SCOPE>
	<SCOPE>
		<Nombre>SCOPE_0</Nombre>
		<Posicion_X>516</Posicion_X>
		<Posicion_Y>254</Posicion_Y>
		<Entrada_1>Linea_4</Entrada_1>
		<Salida_1>Linea_6</Salida_1>
		<Variable_Nombre_Bloque>ENTRADA</Variable_Nombre_Bloque>
	</SCOPE>
	<TRAPECIO>
		<Nombre>TRAPECIO_2</Nombre>
		<Posicion_X>145</Posicion_X>
		<Posicion_Y>320</Posicion_Y>
		<Salida_1>Linea_3</Salida_1>
		<Variable_Amplitud>3.0</Variable_Amplitud>
		<Variable_Tiempo_Inicio>7.5</Variable_Tiempo_Inicio>
		<Variable_Tiempo_Rampa>0</Variable_Tiempo_Rampa>
		<Variable_Tiempo_Alto>1</Variable_Tiempo_Alto>
	</TRAPECIO>
	<TRAPECIO>
		<Nombre>TRAPECIO_1</Nombre>
		<Posicion_X>145</Posicion_X>
		<Posicion_Y>235</Posicion_Y>
		<Salida_1>Linea_1</Salida_1>
		<Variable_Amplitud>3.0</Variable_Amplitud>
		<Variable_Tiempo_Inicio>4</Variable_Tiempo_Inicio>
		<Variable_Tiempo_Rampa>0</Variable_Tiempo_Rampa>
		<Variable_Tiempo_Alto>2.5</Variable_Tiempo_Alto>
	</TRAPECIO>
	<TRAPECIO>
		<Nombre>TRAPECIO_0</Nombre>
		<Posicion_X>149</Posicion_X>
		<Posicion_Y>151</Posicion_Y>
		<Salida_1>Linea_0</Salida_1>
		<Variable_Amplitud>3</Variable_Amplitud>
		<Variable_Tiempo_Inicio>0.5</Variable_Tiempo_Inicio>
		<Variable_Tiempo_Rampa>0</Variable_Tiempo_Rampa>
		<Variable_Tiempo_Alto>1.5</Variable_Tiempo_Alto>
	</TRAPECIO>
	<SUM>
		<Nombre>SUM_1</Nombre>
		<Posicion_X>417</Posicion_X>
		<Posicion_Y>254</Posicion_Y>
		<Entrada_1>Linea_2</Entrada_1>
		<Entrada_2>Linea_3</Entrada_2>
		<Salida_1>Linea_4</Salida_1>
	</SUM>
	<SUM>
		<Nombre>SUM_0</Nombre>
		<Posicion_X>312</Posicion_X>
		<Posicion_Y>164</Posicion_Y>
		<Entrada_1>Linea_0</Entrada_1>
		<Entrada_2>Linea_1</Entrada_2>
		<Salida_1>Linea_2</Salida_1>
	</SUM>
</Laboratorio_Control_Automatico>