<?xml version='1.0' encoding='utf-8'?>
<Laboratorio_Control_Automatico>
	<Configuracion>
		<Dispositivo>COM10</Dispositivo>
		<Velocidad>115200</Velocidad>
		<Tiempo_Muestreo>20</Tiempo_Muestreo>
		<Numero_Muestras>1000</Numero_Muestras>
	</Configuracion>
	<Linea>
		<Nombre>Linea_7</Nombre>
		<Bloque_Inicio>SCOPE_3</Bloque_Inicio>
		<Bloque_Fin>SAT_0</Bloque_Fin>
		<Nodos>[525, 257, 546, 257, 546, 256, 568, 256]</Nodos>
	</Linea>
	<Linea>
		<Nombre>Linea_6</Nombre>
		<Bloque_Inicio>SAT_0</Bloque_Inicio>
		<Bloque_Fin>DAC_0</Bloque_Fin>
		<Nodos>[632, 256, 653, 256, 653, 257, 674, 257]</Nodos>
	</Linea>
	<Linea>
		<Nombre>Linea_3</Nombre>
		<Bloque_Inicio>DAC_0</Bloque_Inicio>
		<Bloque_Fin>ENTP_0</Bloque_Fin>
		<Nodos>[738, 257, 754, 257, 754, 257, 771, 257]</Nodos>
	</Linea>
	<Linea>
		<Nombre>Linea_5</Nombre>
		<Bloque_Inicio>SALP_0</Bloque_Inicio>
		<Bloque_Fin>ADC_0</Bloque_Fin>
		<Nodos>[72, 370, 102, 370, 102, 370, 112, 370]</Nodos>
	</Linea>
	<Linea>
		<Nombre>Linea_0</Nombre>
		<Bloque_Inicio>ADC_0</Bloque_Inicio>
		<Bloque_Fin>SCOPE_2</Bloque_Fin>
		<Nodos>[176, 370, 190, 370, 190, 370, 207, 370]</Nodos>
	</Linea>
	<Linea>
		<Nombre>Linea_1</Nombre>
		<Bloque_Inicio>SCOPE_2</Bloque_Inicio>
		<Bloque_Fin>PID_0</Bloque_Fin>
		<Nodos>[271, 370, 319, 370, 319, 270, 368, 270]</Nodos>
	</Linea>
	<Linea>
		<Nombre>Linea_2</Nombre>
		<Bloque_Inicio>SCOPE_1</Bloque_Inicio>
		<Bloque_Fin>PID_0</Bloque_Fin>
		<Nodos>[205, 206, 286, 206, 286, 244, 368, 244]</Nodos>
	</Linea>
	<Linea>
		<Nombre>Linea_4</Nombre>
		<Bloque_Inicio>PID_0</Bloque_Inicio>
		<Bloque_Fin>SCOPE_3</Bloque_Fin>
		<Nodos>[432, 257, 446, 257, 446, 257, 461, 257]</Nodos>
	</Linea>
	<Linea>
		<Nombre>Linea_10</Nombre>
		<Bloque_Inicio>STEP_0</Bloque_Inicio>
		<Bloque_Fin>SCOPE_1</Bloque_Fin>
		<Nodos>[104, 206, 123, 206, 123, 206, 141, 206]</Nodos>
	</Linea>
	<ADC>
		<Nombre>ADC_0</Nombre>
		<Posicion_X>144</Posicion_X>
		<Posicion_Y>371</Posicion_Y>
		<Entrada_1>Linea_5</Entrada_1>
		<Salida_1>Linea_0</Salida_1>
		<Variable_Rango>7</Variable_Rango>
		<Variable_Tiempo_Muestreo>5</Variable_Tiempo_Muestreo>
		<Variable_Ganancia>0.5</Variable_Ganancia>
	</ADC>
	<PID>
		<Nombre>PID_0</Nombre>
		<Posicion_X>400</Posicion_X>
		<Posicion_Y>258</Posicion_Y>
		<Entrada_1>Linea_2</Entrada_1>
		<Entrada_2>Linea_1</Entrada_2>
		<Salida_1>Linea_4</Salida_1>
		<Variable_Tipo_Pid>1</Variable_Tipo_Pid>
		<Variable_Parametro_P>1</Variable_Parametro_P>
		<Variable_Parametro_I>1</Variable_Parametro_I>
		<Variable_Parametro_D>0</Variable_Parametro_D>
		<Variable_Parametro_C>1</Variable_Parametro_C>
		<Variable_Parametro_B>1</Variable_Parametro_B>
		<Variable_Parametro_N>1</Variable_Parametro_N>
		<Variable_Metodo_Integrador>Backward Euler</Variable_Metodo_Integrador>
		<Variable_Metodo_Filtro>Forward Euler</Variable_Metodo_Filtro>
		<Variable_Tiempo_Muestreo>5</Variable_Tiempo_Muestreo>
		<Variable_Tipo_Saturador>1</Variable_Tipo_Saturador>
		<Variable_Limite_Superior>3.9</Variable_Limite_Superior>
		<Variable_Limite_Inferior>-3.9</Variable_Limite_Inferior>
	</PID>
	<SAT>
		<Nombre>SAT_0</Nombre>
		<Posicion_X>600</Posicion_X>
		<Posicion_Y>257</Posicion_Y>
		<Entrada_1>Linea_7</Entrada_1>
		<Salida_1>Linea_6</Salida_1>
		<Variable_Limite_Superior>4</Variable_Limite_Superior>
		<Variable_Limite_Inferior>0</Variable_Limite_Inferior>
	</SAT>
	<ENTP>
		<Nombre>ENTP_0</Nombre>
		<Posicion_X>801</Posicion_X>
		<Posicion_Y>257</Posicion_Y>
		<Entrada_1>Linea_3</Entrada_1>
		<Variable_Nombre_Bloque>PLANTA</Variable_Nombre_Bloque>
	</ENTP>
	<SALP>
		<Nombre>SALP_0</Nombre>
		<Posicion_X>42</Posicion_X>
		<Posicion_Y>370</Posicion_Y>
		<Salida_1>Linea_5</Salida_1>
		<Variable_Nombre_Bloque>PLANTA</Variable_Nombre_Bloque>
	</SALP>
	<DAC>
		<Nombre>DAC_0</Nombre>
		<Posicion_X>706</Posicion_X>
		<Posicion_Y>258</Posicion_Y>
		<Entrada_1>Linea_6</Entrada_1>
		<Salida_1>Linea_3</Salida_1>
		<Variable_Rango>2</Variable_Rango>
		<Variable_Tiempo_Muestreo>5</Variable_Tiempo_Muestreo>
		<Variable_Ganancia>1</Variable_Ganancia>
	</DAC>
	<SCOPE>
		<Nombre>SCOPE_1</Nombre>
		<Posicion_X>173</Posicion_X>
		<Posicion_Y>207</Posicion_Y>
		<Entrada_1>Linea_10</Entrada_1>
		<Salida_1>Linea_2</Salida_1>
		<Variable_Nombre_Bloque>REFERENCIA</Variable_Nombre_Bloque>
	</SCOPE>
	<SCOPE>
		<Nombre>SCOPE_2</Nombre>
		<Posicion_X>239</Posicion_X>
		<Posicion_Y>371</Posicion_Y>
		<Entrada_1>Linea_0</Entrada_1>
		<Salida_1>Linea_1</Salida_1>
		<Variable_Nombre_Bloque>VELOCIDAD</Variable_Nombre_Bloque>
	</SCOPE>
	<SCOPE>
		<Nombre>SCOPE_3</Nombre>
		<Posicion_X>493</Posicion_X>
		<Posicion_Y>258</Posicion_Y>
		<Entrada_1>Linea_4</Entrada_1>
		<Salida_1>Linea_7</Salida_1>
		<Variable_Nombre_Bloque>CONTROL</Variable_Nombre_Bloque>
	</SCOPE>
	<STEP>
		<Nombre>STEP_0</Nombre>
		<Posicion_X>72</Posicion_X>
		<Posicion_Y>207</Posicion_Y>
		<Salida_1>Linea_10</Salida_1>
		<Variable_Escalon>1</Variable_Escalon>
		<Variable_Valor_Inicial>0</Variable_Valor_Inicial>
		<Variable_Valor_Final>4</Variable_Valor_Final>
	</STEP>
</Laboratorio_Control_Automatico>