<?xml version='1.0' encoding='utf-8'?>
<Laboratorio_Control_Automatico>
	<Configuracion>
		<Dispositivo>COM8</Dispositivo>
		<Velocidad>115200</Velocidad>
		<Tiempo_Muestreo>20</Tiempo_Muestreo>
		<Numero_Muestras>1000</Numero_Muestras>
	</Configuracion>
	<Linea>
		<Nombre>Linea_2</Nombre>
		<Bloque_Inicio>PID_0</Bloque_Inicio>
		<Bloque_Fin>SAT_0</Bloque_Fin>
		<Nodos>[370, 266, 402, 266, 402, 266, 416, 266]</Nodos>
	</Linea>
	<Linea>
		<Nombre>Linea_0</Nombre>
		<Bloque_Inicio>SAT_0</Bloque_Inicio>
		<Bloque_Fin>SCOPE_2</Bloque_Fin>
		<Nodos>[480, 266, 513, 266, 513, 266, 527, 266]</Nodos>
	</Linea>
	<Linea>
		<Nombre>Linea_1</Nombre>
		<Bloque_Inicio>SCOPE_2</Bloque_Inicio>
		<Bloque_Fin>DAC_0</Bloque_Fin>
		<Nodos>[591, 266, 603, 266, 603, 266, 616, 266]</Nodos>
	</Linea>
	<Linea>
		<Nombre>Linea_3</Nombre>
		<Bloque_Inicio>CTE_0</Bloque_Inicio>
		<Bloque_Fin>SCOPE_0</Bloque_Fin>
		<Nodos>[160, 180, 180, 180, 180, 180, 202, 180]</Nodos>
	</Linea>
	<Linea>
		<Nombre>Linea_4</Nombre>
		<Bloque_Inicio>SALP_0</Bloque_Inicio>
		<Bloque_Fin>ADC_0</Bloque_Fin>
		<Nodos>[79, 309, 88, 309, 88, 309, 96, 309]</Nodos>
	</Linea>
	<Linea>
		<Nombre>Linea_5</Nombre>
		<Bloque_Inicio>DAC_0</Bloque_Inicio>
		<Bloque_Fin>ENTP_0</Bloque_Fin>
		<Nodos>[680, 266, 688, 266, 688, 266, 697, 266]</Nodos>
	</Linea>
	<Linea>
		<Nombre>Linea_6</Nombre>
		<Bloque_Inicio>ADC_0</Bloque_Inicio>
		<Bloque_Fin>SCOPE_1</Bloque_Fin>
		<Nodos>[160, 309, 180, 309, 180, 309, 201, 309]</Nodos>
	</Linea>
	<Linea>
		<Nombre>Linea_7</Nombre>
		<Bloque_Inicio>SCOPE_0</Bloque_Inicio>
		<Bloque_Fin>PID_0</Bloque_Fin>
		<Nodos>[266, 180, 290, 180, 290, 253, 306, 253]</Nodos>
	</Linea>
	<Linea>
		<Nombre>Linea_8</Nombre>
		<Bloque_Inicio>SCOPE_1</Bloque_Inicio>
		<Bloque_Fin>PID_0</Bloque_Fin>
		<Nodos>[265, 309, 285, 309, 285, 279, 306, 279]</Nodos>
	</Linea>
	<ADC>
		<Nombre>ADC_0</Nombre>
		<Posicion_X>128</Posicion_X>
		<Posicion_Y>310</Posicion_Y>
		<Entrada_1>Linea_4</Entrada_1>
		<Salida_1>Linea_6</Salida_1>
		<Variable_Rango>3</Variable_Rango>
		<Variable_Tiempo_Muestreo>5</Variable_Tiempo_Muestreo>
		<Variable_Ganancia>0.5</Variable_Ganancia>
	</ADC>
	<PID>
		<Nombre>PID_0</Nombre>
		<Posicion_X>338</Posicion_X>
		<Posicion_Y>267</Posicion_Y>
		<Entrada_1>Linea_7</Entrada_1>
		<Entrada_2>Linea_8</Entrada_2>
		<Salida_1>Linea_2</Salida_1>
		<Variable_Tipo_Pid>1</Variable_Tipo_Pid>
		<Variable_Parametro_P>1</Variable_Parametro_P>
		<Variable_Parametro_I>1</Variable_Parametro_I>
		<Variable_Parametro_D>0</Variable_Parametro_D>
		<Variable_Parametro_C>1</Variable_Parametro_C>
		<Variable_Parametro_B>1</Variable_Parametro_B>
		<Variable_Parametro_N>1</Variable_Parametro_N>
		<Variable_Metodo_Integrador>Backward Euler</Variable_Metodo_Integrador>
		<Variable_Metodo_Filtro>Forward Euler</Variable_Metodo_Filtro>
		<Variable_Tiempo_Muestreo>5</Variable_Tiempo_Muestreo>
		<Variable_Tipo_Saturador>1</Variable_Tipo_Saturador>
		<Variable_Limite_Superior>4.7</Variable_Limite_Superior>
		<Variable_Limite_Inferior>-4.7</Variable_Limite_Inferior>
	</PID>
	<CTE>
		<Nombre>CTE_0</Nombre>
		<Posicion_X>128</Posicion_X>
		<Posicion_Y>181</Posicion_Y>
		<Salida_1>Linea_3</Salida_1>
		<Variable_Constante>4</Variable_Constante>
	</CTE>
	<SAT>
		<Nombre>SAT_0</Nombre>
		<Posicion_X>448</Posicion_X>
		<Posicion_Y>267</Posicion_Y>
		<Entrada_1>Linea_2</Entrada_1>
		<Salida_1>Linea_0</Salida_1>
		<Variable_Limite_Superior>5</Variable_Limite_Superior>
		<Variable_Limite_Inferior>0</Variable_Limite_Inferior>
	</SAT>
	<ENTP>
		<Nombre>ENTP_0</Nombre>
		<Posicion_X>727</Posicion_X>
		<Posicion_Y>266</Posicion_Y>
		<Entrada_1>Linea_5</Entrada_1>
		<Variable_Nombre_Bloque>Ua</Variable_Nombre_Bloque>
	</ENTP>
	<SALP>
		<Nombre>SALP_0</Nombre>
		<Posicion_X>49</Posicion_X>
		<Posicion_Y>309</Posicion_Y>
		<Salida_1>Linea_4</Salida_1>
		<Variable_Nombre_Bloque>SPEED</Variable_Nombre_Bloque>
	</SALP>
	<DAC>
		<Nombre>DAC_0</Nombre>
		<Posicion_X>648</Posicion_X>
		<Posicion_Y>267</Posicion_Y>
		<Entrada_1>Linea_1</Entrada_1>
		<Salida_1>Linea_5</Salida_1>
		<Variable_Rango>2</Variable_Rango>
		<Variable_Tiempo_Muestreo>5</Variable_Tiempo_Muestreo>
		<Variable_Ganancia>1</Variable_Ganancia>
	</DAC>
	<SCOPE>
		<Nombre>SCOPE_0</Nombre>
		<Posicion_X>234</Posicion_X>
		<Posicion_Y>181</Posicion_Y>
		<Entrada_1>Linea_3</Entrada_1>
		<Salida_1>Linea_7</Salida_1>
		<Variable_Nombre_Bloque>REFERENCIA</Variable_Nombre_Bloque>
	</SCOPE>
	<SCOPE>
		<Nombre>SCOPE_1</Nombre>
		<Posicion_X>233</Posicion_X>
		<Posicion_Y>310</Posicion_Y>
		<Entrada_1>Linea_6</Entrada_1>
		<Salida_1>Linea_8</Salida_1>
		<Variable_Nombre_Bloque>VELOCIDAD</Variable_Nombre_Bloque>
	</SCOPE>
	<SCOPE>
		<Nombre>SCOPE_2</Nombre>
		<Posicion_X>559</Posicion_X>
		<Posicion_Y>267</Posicion_Y>
		<Entrada_1>Linea_0</Entrada_1>
		<Salida_1>Linea_1</Salida_1>
		<Variable_Nombre_Bloque>Ua</Variable_Nombre_Bloque>
	</SCOPE>
</Laboratorio_Control_Automatico>