Tiempo ,U_YAW,U_PITCH,W_YAW,W_PITCH,YAW,PITCH
-0.4,0.0,0.0,0.0,0.0,0.0,0.0
-0.38,0.0,0.0,0.0,0.0,0.0,0.0
-0.36,0.0,0.0,0.0,0.0,0.0,0.0
-0.34,0.0,0.0,0.0,0.0,0.0,0.0
-0.32,0.0,0.0,0.0,0.0,0.0,0.0
-0.3,0.0,0.0,0.0,0.0,0.0,0.0
-0.28,0.0,0.0,0.0,0.0,0.0,0.0
-0.26,0.0,0.0,0.0,0.0,0.0,0.0
-0.24,0.0,0.0,0.0,0.0,0.0,0.0
-0.22,0.0,0.0,0.0,0.0,0.0,0.0
-0.2,0.0,0.0,0.0,0.0,0.0,0.0
-0.18,0.0,0.0,0.0,0.0,0.0,0.0
-0.16,0.0,0.0,0.0,0.0,0.0,0.0
-0.14,0.0,0.0,0.0,0.0,0.0,0.0
-0.12,0.0,0.0,0.0,0.0,0.0,0.0
-0.1,0.0,0.0,0.0,0.0,0.0,0.0
-0.08,0.0,0.0,0.0,0.0,0.0,0.0
-0.06,0.0,0.0,0.0,0.0,0.0,0.0
-0.04,0.0,0.0,0.0,0.0,0.0,0.0
-0.02,0.0,0.0,0.0,0.0,0.0,0.0
0.0,2.993,16.219,0.0,0.0,0.0,-0.583
0.02,3.048,16.474,0.0,0.0,0.0,-0.583
0.04,3.104,16.729,0.0,0.0,0.0,-0.583
0.06,5.043,16.846,0.045,0.0,0.002,-0.583
0.08,7.085,16.955,0.092,0.0,0.003,-0.583
0.1,5.267,17.343,0.046,0.0,0.003,-0.583
0.12,5.114,17.608,0.04,0.0,0.005,-0.583
0.14,7.193,17.715,0.088,0.0,0.007,-0.583
0.16,7.433,17.953,0.091,0.0,0.009,-0.583
0.18,5.505,18.348,0.043,0.0,0.009,-0.583
0.2,5.493,18.603,0.04,0.0,0.01,-0.583
0.22,5.707,18.847,0.043,0.0,0.01,-0.583
0.24,5.835,19.092,0.044,0.0,0.012,-0.583
0.26,7.765,19.209,0.088,0.0,0.014,-0.583
0.28,6.091,19.586,0.046,0.0,0.014,-0.583
0.3,4.073,19.988,-0.005,0.0,0.014,-0.583
0.32,5.148,17.377,0.041,0.134,0.016,-0.578
0.34,4.538,14.741,0.047,0.276,0.016,-0.573
0.36,3.216,16.862,-0.001,0.183,0.016,-0.571
0.38,2.925,16.387,-0.004,0.212,0.016,-0.564
0.4,2.472,14.581,-0.0,0.31,0.016,-0.559
0.42,3.087,16.385,0.0,0.224,0.016,-0.555
0.44,3.783,18.546,0.0,0.121,0.016,-0.553
0.46,3.511,17.755,-0.0,0.168,0.016,-0.548
0.48,2.595,15.01,-0.0,0.313,0.016,-0.541
0.5,0.711,15.155,-0.045,0.317,0.014,-0.536
0.52,0.702,15.426,-0.047,0.305,0.014,-0.529
0.54,2.71,15.389,0.001,0.304,0.014,-0.524
0.56,2.839,15.397,0.004,0.305,0.014,-0.517
0.58,2.411,14.577,0.0,0.35,0.014,-0.51
0.6,2.094,13.651,-0.0,0.397,0.014,-0.501
0.62,2.127,13.695,-0.0,0.396,0.014,-0.494
0.64,0.573,14.789,-0.045,0.348,0.012,-0.487
0.66,0.501,14.864,-0.047,0.345,0.012,-0.48
0.68,3.059,16.482,0.001,0.259,0.012,-0.477
0.7,4.507,14.619,0.049,0.344,0.014,-0.466
0.72,3.812,12.687,0.047,0.446,0.014,-0.459
0.74,3.01,16.397,-0.001,0.265,0.014,-0.456
0.76,2.734,15.852,-0.004,0.292,0.014,-0.447
0.78,2.218,13.81,-0.0,0.398,0.014,-0.44
0.8,2.51,14.595,0.0,0.356,0.014,-0.433
0.82,2.278,13.891,0.0,0.39,0.014,-0.424
0.84,2.25,13.781,-0.0,0.396,0.014,-0.417
0.86,2.264,13.768,-0.0,0.393,0.014,-0.408
0.88,2.274,13.762,0.0,0.392,0.014,-0.401
0.9,2.567,14.599,0.0,0.348,0.014,-0.395
0.92,2.587,14.624,-0.0,0.345,0.014,-0.388
0.94,2.568,14.531,-0.0,0.349,0.014,-0.381
0.96,2.568,14.495,0.0,0.349,0.014,-0.374
0.98,2.572,14.468,0.0,0.349,0.014,-0.367
1.0,2.575,14.434,0.0,0.349,0.014,-0.36
1.02,2.576,14.396,0.0,0.349,0.014,-0.353
1.04,2.576,14.356,0.0,0.349,0.014,-0.346
1.06,2.874,15.22,0.0,0.304,0.014,-0.34
1.08,3.187,16.13,0.0,0.257,0.014,-0.335
1.1,2.89,15.202,0.0,0.303,0.014,-0.328
1.12,2.856,15.076,0.0,0.309,0.014,-0.323
1.14,3.173,15.996,0.0,0.261,0.014,-0.318
1.16,2.902,15.142,0.0,0.303,0.014,-0.311
1.18,2.867,15.011,0.0,0.309,0.014,-0.305
1.2,3.18,15.917,0.0,0.261,0.014,-0.3
1.22,3.205,15.963,0.0,0.258,0.014,-0.295
1.24,3.185,15.874,0.0,0.262,0.014,-0.29
1.26,2.888,14.937,0.0,0.307,0.014,-0.283
1.28,3.174,15.78,0.0,0.264,0.014,-0.279
1.3,3.802,17.641,0.0,0.169,0.014,-0.276
1.32,3.229,15.881,0.0,0.256,0.014,-0.269
1.34,3.158,15.658,0.0,0.269,0.014,-0.265
1.36,3.787,17.52,0.0,0.173,0.014,-0.262
1.38,5.722,17.521,0.045,0.167,0.016,-0.258
1.4,5.487,16.476,0.047,0.219,0.016,-0.253
1.42,3.201,15.656,-0.001,0.267,0.016,-0.248
1.44,3.391,16.565,-0.004,0.221,0.016,-0.244
1.46,3.885,17.548,-0.0,0.17,0.016,-0.241
1.48,3.905,17.536,0.0,0.17,0.016,-0.237
1.5,3.576,16.553,0.0,0.219,0.016,-0.232
1.52,1.978,17.553,-0.045,0.177,0.014,-0.23
1.54,1.916,17.636,-0.047,0.171,0.014,-0.225
1.56,3.589,16.577,0.001,0.219,0.014,-0.222
1.58,3.982,17.367,0.004,0.177,0.014,-0.218
1.6,3.872,17.495,0.0,0.171,0.014,-0.215
1.62,3.84,17.433,-0.0,0.174,0.014,-0.211
1.64,4.15,18.323,-0.0,0.13,0.014,-0.209
1.66,4.472,19.277,0.0,0.083,0.014,-0.208
1.68,3.882,17.483,0.0,0.173,0.014,-0.203
1.7,3.54,16.443,-0.0,0.227,0.014,-0.199
1.72,3.861,17.377,-0.0,0.178,0.014,-0.196
1.74,4.208,18.41,0.0,0.126,0.014,-0.194
1.76,4.204,18.375,0.0,0.127,0.014,-0.19
1.78,3.891,17.417,0.0,0.176,0.014,-0.187
1.8,3.876,17.351,0.0,0.179,0.014,-0.183
1.82,6.383,19.087,0.045,0.085,0.016,-0.183
1.84,6.522,19.165,0.047,0.08,0.016,-0.18
1.86,3.924,17.426,-0.001,0.177,0.016,-0.176
1.88,4.068,18.21,-0.004,0.138,0.016,-0.175
1.9,4.29,18.371,-0.0,0.128,0.016,-0.171
1.92,4.004,17.437,0.0,0.175,0.016,-0.168
1.94,2.087,17.485,-0.045,0.178,0.014,-0.164
1.96,2.603,19.354,-0.047,0.085,0.014,-0.164
1.98,4.317,18.383,0.001,0.124,0.014,-0.159
2.0,4.092,17.347,0.004,0.179,0.014,-0.157
2.02,4.524,19.101,0.0,0.089,0.014,-0.155
2.04,4.278,18.394,-0.0,0.125,0.014,-0.152
2.06,3.94,17.323,-0.0,0.179,0.014,-0.148
2.08,4.238,18.197,0.0,0.134,0.014,-0.147
2.1,3.983,17.387,0.0,0.172,0.014,-0.141
2.12,3.953,17.289,-0.0,0.178,0.014,-0.14
2.14,4.555,19.075,-0.0,0.085,0.014,-0.138
2.16,4.598,19.193,0.0,0.08,0.014,-0.136
2.18,4.261,18.156,0.0,0.132,0.014,-0.133
2.2,3.948,17.192,0.0,0.18,0.014,-0.129
2.22,4.551,18.998,0.0,0.089,0.014,-0.129
2.24,4.606,19.13,0.0,0.08,0.014,-0.126
2.26,4.278,18.142,0.0,0.132,0.014,-0.124
2.28,4.251,18.029,0.0,0.135,0.014,-0.12
2.3,4.58,19.019,0.0,0.086,0.014,-0.12
2.32,4.298,18.123,0.0,0.128,0.014,-0.115
2.34,3.973,17.143,0.0,0.179,0.014,-0.114
2.36,4.559,18.874,0.0,0.089,0.014,-0.112
2.38,4.325,18.142,0.0,0.125,0.014,-0.108
2.4,4.269,17.96,0.0,0.134,0.014,-0.107
2.42,4.577,18.864,0.0,0.087,0.014,-0.105
2.44,4.305,18.017,0.0,0.128,0.014,-0.101
2.46,4.566,18.802,0.0,0.09,0.014,-0.101
2.48,4.596,18.855,0.0,0.084,0.014,-0.098
2.5,4.292,17.934,0.0,0.132,0.014,-0.096
2.52,4.564,18.727,0.0,0.09,0.014,-0.094
2.54,4.309,17.93,0.0,0.129,0.014,-0.091
2.56,4.573,18.722,0.0,0.089,0.014,-0.091
2.58,4.601,18.767,0.0,0.084,0.014,-0.087
2.6,4.296,17.84,0.0,0.132,0.014,-0.086
2.62,4.566,18.629,0.0,0.09,0.014,-0.084
2.64,4.608,18.736,0.0,0.084,0.014,-0.082
2.66,4.59,18.664,0.0,0.087,0.014,-0.08
2.68,4.587,18.636,0.0,0.088,0.014,-0.079
2.7,4.59,18.626,0.0,0.087,0.014,-0.077
2.72,4.591,18.611,0.0,0.087,0.014,-0.075
2.74,4.89,19.503,0.0,0.042,0.014,-0.075
2.76,4.907,19.535,0.0,0.04,0.014,-0.073
2.78,4.596,18.59,0.0,0.088,0.014,-0.072
2.8,4.578,18.517,0.0,0.091,0.014,-0.07
2.82,4.901,19.479,0.0,0.043,0.014,-0.07
2.84,4.622,18.609,0.0,0.084,0.014,-0.066
2.86,4.591,18.516,0.0,0.091,0.014,-0.066
2.88,4.899,19.415,0.0,0.043,0.014,-0.065
2.9,4.631,18.595,0.0,0.085,0.014,-0.063
2.92,4.59,18.454,0.0,0.091,0.014,-0.061
2.94,4.61,18.49,0.0,0.088,0.014,-0.059
2.96,4.911,19.388,0.0,0.042,0.014,-0.059
2.98,4.925,19.409,0.0,0.04,0.014,-0.058
3.0,4.613,18.456,0.0,0.088,0.014,-0.056
3.02,4.891,19.285,0.0,0.046,0.014,-0.056
3.04,4.931,19.381,0.0,0.04,0.014,-0.054
3.06,4.621,18.436,0.0,0.088,0.014,-0.052
3.08,4.897,19.257,0.0,0.046,0.014,-0.052
3.1,4.936,19.351,0.0,0.04,0.014,-0.051
3.12,4.924,19.313,0.0,0.043,0.014,-0.051
3.14,4.918,19.274,0.0,0.044,0.014,-0.049
3.16,4.629,18.39,0.0,0.088,0.014,-0.047
3.18,4.909,19.223,0.0,0.046,0.014,-0.047
3.2,4.946,19.31,0.0,0.04,0.014,-0.045
3.22,4.933,19.269,0.0,0.043,0.014,-0.045
3.24,4.927,19.227,0.0,0.044,0.014,-0.044
3.26,4.935,19.25,0.0,0.044,0.014,-0.044
3.28,4.934,19.221,0.0,0.044,0.014,-0.042
3.3,4.94,19.238,0.0,0.044,0.014,-0.042
3.32,4.938,19.208,0.0,0.044,0.014,-0.04
3.34,4.944,19.225,0.0,0.044,0.014,-0.04
3.36,4.942,19.193,0.0,0.044,0.014,-0.038
3.38,4.948,19.209,0.0,0.044,0.014,-0.038
3.4,5.244,20.085,0.0,-0.001,0.014,-0.038
3.42,4.968,19.241,0.0,0.041,0.014,-0.037
3.44,4.936,19.141,0.0,0.047,0.014,-0.037
3.46,4.953,19.168,0.0,0.044,0.014,-0.035
3.48,4.964,19.195,0.0,0.043,0.014,-0.035
3.5,5.257,20.066,0.0,-0.001,0.014,-0.035
3.52,4.981,19.218,0.0,0.041,0.014,-0.033
3.54,4.948,19.117,0.0,0.047,0.014,-0.033
3.56,4.965,19.143,0.0,0.044,0.014,-0.031
3.58,3.091,19.306,-0.045,0.043,0.012,-0.031
3.6,3.282,20.183,-0.047,-0.001,0.012,-0.031
3.62,4.981,19.193,0.001,0.041,0.012,-0.03
3.64,5.066,19.082,0.004,0.047,0.012,-0.03
3.66,5.225,20.026,0.0,-0.001,0.012,-0.03
3.68,4.934,19.191,-0.0,0.041,0.012,-0.028
3.7,4.911,19.083,-0.0,0.047,0.012,-0.028
3.72,5.227,20.013,0.0,-0.001,0.012,-0.028
3.74,4.954,19.177,0.0,0.041,0.012,-0.026
3.76,4.918,19.069,-0.0,0.047,0.012,-0.026
3.78,4.934,19.09,-0.0,0.044,0.012,-0.024
3.8,4.943,19.113,0.0,0.043,0.012,-0.024
3.82,5.235,19.979,0.0,-0.001,0.012,-0.024
3.84,5.255,20.035,0.0,-0.004,0.012,-0.024
3.86,4.94,19.07,0.0,0.045,0.012,-0.023
3.88,4.926,19.024,0.0,0.048,0.012,-0.023
3.9,5.244,19.966,0.0,-0.001,0.012,-0.023
3.92,4.969,19.123,0.0,0.041,0.012,-0.021
3.94,4.933,19.011,0.0,0.047,0.012,-0.021
3.96,5.246,19.939,0.0,-0.001,0.012,-0.021
3.98,5.271,20.008,0.0,-0.004,0.012,-0.021
4.0,4.953,19.037,0.0,0.045,0.012,-0.019
4.02,4.939,18.988,0.0,0.048,0.012,-0.019
4.04,5.256,19.929,0.0,-0.001,0.012,-0.019
4.06,4.981,19.084,0.0,0.041,0.012,-0.018
4.08,4.945,18.971,0.0,0.047,0.012,-0.018
4.1,5.258,19.897,0.0,-0.001,0.012,-0.018
4.12,5.282,19.965,0.0,-0.004,0.012,-0.018
4.14,3.08,19.13,-0.045,0.045,0.01,-0.016
4.16,2.963,19.087,-0.047,0.048,0.01,-0.016
4.18,5.256,19.886,0.001,-0.001,0.01,-0.016
4.2,5.396,19.94,0.004,-0.004,0.01,-0.016
4.22,4.922,18.976,0.0,0.045,0.01,-0.014
4.24,4.889,18.926,-0.0,0.048,0.01,-0.014
4.26,5.217,19.864,-0.0,-0.001,0.01,-0.014
4.28,5.241,19.926,0.0,-0.004,0.01,-0.014
4.3,4.922,18.95,0.0,0.045,0.01,-0.012
4.32,4.906,18.899,-0.0,0.048,0.01,-0.012
4.34,5.222,19.837,-0.0,-0.001,0.01,-0.012
4.36,4.947,18.99,0.0,0.041,0.01,-0.011
4.38,4.909,18.873,0.0,0.047,0.01,-0.011
4.4,5.221,19.796,0.0,-0.001,0.01,-0.011
4.42,5.244,19.861,0.0,-0.004,0.01,-0.011
4.44,5.223,19.794,0.0,-0.0,0.01,-0.011
4.46,4.926,18.88,0.0,0.045,0.01,-0.009
4.48,3.03,18.979,-0.045,0.047,0.009,-0.009
4.5,3.243,19.919,-0.047,-0.001,0.009,-0.009
4.52,5.24,19.837,0.001,-0.004,0.009,-0.009
4.54,5.336,19.759,0.004,-0.0,0.009,-0.009
4.56,5.18,19.765,0.0,0.0,0.009,-0.009
4.58,4.869,18.867,-0.0,0.045,0.009,-0.007
4.6,4.867,18.822,-0.0,0.047,0.009,-0.007
4.62,5.183,19.751,0.0,-0.001,0.009,-0.007
4.64,5.203,19.809,0.0,-0.004,0.009,-0.007
4.66,5.181,19.739,-0.0,-0.0,0.009,-0.007
4.68,5.18,19.734,-0.0,0.0,0.009,-0.007
4.7,5.185,19.742,0.0,0.0,0.009,-0.007
4.72,5.187,19.745,0.0,-0.0,0.009,-0.007
4.74,5.19,19.748,0.0,-0.0,0.009,-0.007
4.76,4.894,18.842,0.0,0.045,0.009,-0.005
4.78,4.88,18.796,0.0,0.047,0.009,-0.005
4.8,5.194,19.726,0.0,-0.001,0.009,-0.005
4.82,5.215,19.783,0.0,-0.004,0.009,-0.005
4.84,5.193,19.712,0.0,-0.0,0.009,-0.005
4.86,5.192,19.706,0.0,0.0,0.009,-0.005
4.88,5.196,19.713,0.0,0.0,0.009,-0.005
4.9,5.199,19.716,0.0,-0.0,0.009,-0.005
4.92,5.201,19.717,0.0,-0.0,0.009,-0.005
4.94,5.203,19.719,0.0,0.0,0.009,-0.005
4.96,3.321,19.859,-0.045,0.0,0.007,-0.005
4.98,3.221,19.869,-0.047,0.0,0.007,-0.005
5.0,5.199,19.73,0.001,0.0,0.007,-0.005
5.02,5.319,19.724,0.004,0.0,0.007,-0.005
5.04,5.165,19.737,0.0,0.0,0.007,-0.005
5.06,5.149,19.74,-0.0,0.0,0.007,-0.005
5.08,5.163,19.741,-0.0,0.0,0.007,-0.005
5.1,5.167,19.743,0.0,0.0,0.007,-0.005
5.12,5.168,19.745,0.0,0.0,0.007,-0.005
5.14,5.169,19.747,-0.0,0.0,0.007,-0.005
5.16,5.171,19.749,-0.0,0.0,0.007,-0.005
5.18,5.173,19.751,0.0,0.0,0.007,-0.005
5.2,5.175,19.753,0.0,0.0,0.007,-0.005
5.22,5.177,19.755,0.0,0.0,0.007,-0.005
5.24,5.179,19.757,0.0,0.0,0.007,-0.005
5.26,5.181,19.759,0.0,0.0,0.007,-0.005
5.28,4.885,18.853,0.0,0.045,0.007,-0.004
5.3,4.87,18.806,0.0,0.047,0.007,-0.004
5.32,5.184,19.735,0.0,-0.001,0.007,-0.004
5.34,5.204,19.792,0.0,-0.004,0.007,-0.004
5.36,5.181,19.72,0.0,-0.0,0.007,-0.004
5.38,5.18,19.713,0.0,0.0,0.007,-0.004
5.4,5.184,19.72,0.0,0.0,0.007,-0.004
5.42,5.186,19.722,0.0,-0.0,0.007,-0.004
5.44,5.187,19.723,0.0,-0.0,0.007,-0.004
5.46,5.189,19.724,0.0,0.0,0.007,-0.004
5.48,5.19,19.725,0.0,0.0,0.007,-0.004
5.5,3.308,19.864,-0.045,0.0,0.005,-0.004
5.52,3.208,19.873,-0.047,0.0,0.005,-0.004
5.54,5.185,19.734,0.001,0.0,0.005,-0.004
5.56,5.304,19.727,0.004,0.0,0.005,-0.004
5.58,5.151,19.739,0.0,0.0,0.005,-0.004
5.6,5.134,19.742,-0.0,0.0,0.005,-0.004
5.62,5.147,19.742,-0.0,0.0,0.005,-0.004
5.64,5.15,19.743,0.0,0.0,0.005,-0.004
5.66,5.151,19.745,0.0,0.0,0.005,-0.004
5.68,5.152,19.746,-0.0,0.0,0.005,-0.004
5.7,5.153,19.747,-0.0,0.0,0.005,-0.004
5.72,5.155,19.749,0.0,0.0,0.005,-0.004
5.74,5.156,19.75,0.0,0.0,0.005,-0.004
5.76,5.157,19.751,0.0,0.0,0.005,-0.004
5.78,5.159,19.753,0.0,0.0,0.005,-0.004
5.8,5.16,19.754,0.0,0.0,0.005,-0.004
5.82,5.161,19.755,0.0,0.0,0.005,-0.004
5.84,5.163,19.757,0.0,0.0,0.005,-0.004
5.86,4.866,18.85,0.0,0.045,0.005,-0.002
5.88,4.852,18.802,0.0,0.047,0.005,-0.002
5.9,5.164,19.731,0.0,-0.001,0.005,-0.002
5.92,3.3,19.925,-0.045,-0.004,0.003,-0.002
5.94,3.175,19.86,-0.047,-0.0,0.003,-0.002
5.96,5.149,19.711,0.001,0.0,0.003,-0.002
5.98,5.269,19.709,0.004,0.0,0.003,-0.002
6.0,5.115,19.722,0.0,-0.0,0.003,-0.002
6.02,5.098,19.723,-0.0,-0.0,0.003,-0.002
6.04,5.11,19.723,-0.0,0.0,0.003,-0.002
6.06,5.113,19.723,0.0,0.0,0.003,-0.002
6.08,5.113,19.724,0.0,0.0,0.003,-0.002
6.1,5.114,19.725,-0.0,0.0,0.003,-0.002
6.12,5.115,19.725,-0.0,0.0,0.003,-0.002
6.14,5.116,19.726,0.0,0.0,0.003,-0.002
6.16,5.117,19.727,0.0,0.0,0.003,-0.002
6.18,5.117,19.727,-0.0,0.0,0.003,-0.002
6.2,5.118,19.728,0.0,0.0,0.003,-0.002
6.22,4.821,18.82,0.0,0.045,0.003,-0.0
6.24,4.806,18.772,0.0,0.047,0.003,-0.0
6.26,5.118,19.7,0.0,-0.001,0.003,-0.0
6.28,5.138,19.755,0.0,-0.004,0.003,-0.0
6.3,5.114,19.682,0.0,-0.0,0.003,-0.0
6.32,5.112,19.673,0.0,0.0,0.003,-0.0
6.34,5.114,19.679,0.0,0.0,0.003,-0.0
6.36,3.231,19.818,-0.045,-0.0,0.002,-0.0
6.38,3.13,19.824,-0.047,-0.0,0.002,-0.0
6.4,5.106,19.684,0.001,0.0,0.002,-0.0
6.42,5.224,19.675,0.004,0.0,0.002,-0.0
6.44,5.069,19.686,0.0,0.0,0.002,-0.0
6.46,5.051,19.688,-0.0,0.0,0.002,-0.0
6.48,5.063,19.687,-0.0,0.0,0.002,-0.0
6.5,5.066,19.686,0.0,0.0,0.002,-0.0
6.52,5.065,19.686,0.0,0.0,0.002,-0.0
6.54,5.066,19.686,-0.0,0.0,0.002,-0.0
6.56,5.066,19.686,-0.0,0.0,0.002,-0.0
6.58,5.066,19.686,0.0,0.0,0.002,-0.0
6.6,5.067,19.686,0.0,0.0,0.002,-0.0
6.62,5.067,19.686,-0.0,0.0,0.002,-0.0
6.64,5.067,19.686,-0.0,0.0,0.002,-0.0
6.66,5.068,19.686,0.0,0.0,0.002,-0.0
6.68,5.068,19.686,0.0,0.0,0.002,-0.0
6.7,3.184,19.824,-0.045,0.0,0.0,-0.0
6.72,3.083,19.831,-0.047,0.0,0.0,-0.0
6.74,5.059,19.691,0.001,0.0,0.0,-0.0
6.76,5.176,19.682,0.004,0.0,0.0,-0.0
6.78,5.021,19.693,0.0,0.0,0.0,-0.0
6.8,5.003,19.695,-0.0,0.0,0.0,-0.0
6.82,5.015,19.694,-0.0,0.0,0.0,-0.0
6.84,5.017,19.694,0.0,0.0,0.0,-0.0
6.86,5.016,19.694,0.0,0.0,0.0,-0.0
6.88,5.016,19.694,-0.0,0.0,0.0,-0.0
6.9,4.718,18.786,-0.0,0.045,0.0,0.002
6.92,4.702,18.737,0.0,0.047,0.0,0.002
6.94,5.013,19.664,0.0,-0.001,0.0,0.002
6.96,4.734,18.81,-0.0,0.041,0.0,0.003
6.98,4.693,18.688,-0.0,0.047,0.0,0.003
7.0,5.002,19.606,0.0,-0.001,0.0,0.003
7.02,5.022,19.665,0.0,-0.004,0.0,0.003
7.04,3.113,19.73,-0.045,-0.0,-0.002,0.003
7.06,3.008,19.727,-0.047,0.0,-0.002,0.003
7.08,4.985,19.59,0.001,0.0,-0.002,0.003
7.1,5.102,19.581,0.004,-0.0,-0.002,0.003
7.12,4.947,19.59,0.0,-0.0,-0.002,0.003
7.14,4.928,19.59,-0.0,0.0,-0.002,0.003
7.16,4.939,19.588,-0.0,0.0,-0.002,0.003
7.18,4.94,19.586,0.0,0.0,-0.002,0.003
7.2,4.939,19.585,0.0,0.0,-0.002,0.003
7.22,4.938,19.584,-0.0,0.0,-0.002,0.003
7.24,4.937,19.582,-0.0,0.0,-0.002,0.003
7.26,4.937,19.581,0.0,0.0,-0.002,0.003
7.28,4.936,19.579,0.0,0.0,-0.002,0.003
7.3,4.935,19.578,-0.0,0.0,-0.002,0.003
7.32,4.934,19.576,-0.0,0.0,-0.002,0.003
7.34,5.232,20.484,0.0,-0.045,-0.002,0.002
7.36,5.247,20.531,0.0,-0.047,-0.002,0.002
7.38,4.935,19.602,0.0,0.001,-0.002,0.002
7.4,4.916,19.546,0.0,0.004,-0.002,0.002
7.42,5.238,20.527,0.0,-0.045,-0.002,-0.0
7.44,5.256,20.583,0.0,-0.048,-0.002,-0.0
7.46,4.943,19.65,0.0,0.001,-0.002,-0.0
7.48,4.923,19.594,0.0,0.004,-0.002,-0.0
7.5,4.948,19.667,0.0,0.0,-0.002,-0.0
7.52,4.95,19.676,0.0,-0.0,-0.002,-0.0
7.54,4.65,18.762,0.0,0.045,-0.002,0.002
7.56,4.633,18.713,0.0,0.047,-0.002,0.002
7.58,4.944,19.64,0.0,-0.001,-0.002,0.002
7.6,4.665,18.786,0.0,0.041,-0.002,0.003
7.62,2.74,18.803,-0.045,0.047,-0.003,0.003
7.64,2.946,19.727,-0.047,-0.001,-0.003,0.003
7.66,4.941,19.646,0.001,-0.004,-0.003,0.003
7.68,5.034,19.565,0.004,-0.0,-0.003,0.003
7.7,4.577,18.657,0.0,0.045,-0.003,0.005
7.72,4.543,18.614,-0.0,0.047,-0.003,0.005
7.74,4.866,19.54,-0.0,-0.001,-0.003,0.005
7.76,4.587,18.684,0.0,0.041,-0.003,0.007
7.78,4.545,18.56,0.0,0.047,-0.003,0.007
7.8,4.852,19.477,-0.0,-0.001,-0.003,0.007
7.82,4.871,19.535,-0.0,-0.004,-0.003,0.007
7.84,4.845,19.46,0.0,-0.0,-0.003,0.007
7.86,4.841,19.448,0.0,0.0,-0.003,0.007
7.88,4.841,19.451,-0.0,0.0,-0.003,0.007
7.9,4.84,19.449,0.0,-0.0,-0.003,0.007
7.92,4.839,19.446,0.0,-0.0,-0.003,0.007
7.94,4.838,19.443,0.0,0.0,-0.003,0.007
7.96,4.836,19.44,0.0,0.0,-0.003,0.007
7.98,4.835,19.437,0.0,0.0,-0.003,0.007
8.0,4.834,19.434,0.0,0.0,-0.003,0.007
8.02,4.534,18.523,0.0,0.045,-0.003,0.009
8.04,4.517,18.471,0.0,0.047,-0.003,0.009
8.06,4.827,19.395,0.0,-0.001,-0.003,0.009
8.08,4.844,19.447,0.0,-0.004,-0.003,0.009
8.1,4.818,19.37,0.0,-0.0,-0.003,0.009
8.12,4.814,19.358,0.0,0.0,-0.003,0.009
8.14,4.814,19.36,0.0,0.0,-0.003,0.009
8.16,4.813,19.357,0.0,-0.0,-0.003,0.009
8.18,4.811,19.353,0.0,-0.0,-0.003,0.009
8.2,5.108,20.258,0.0,-0.045,-0.003,0.007
8.22,5.122,20.303,0.0,-0.047,-0.003,0.007
8.24,4.809,19.373,0.0,0.001,-0.003,0.007
8.26,4.789,19.314,0.0,0.004,-0.003,0.007
8.28,4.812,19.384,0.0,0.0,-0.003,0.007
8.3,4.814,19.39,0.0,-0.0,-0.003,0.007
8.32,4.811,19.382,0.0,-0.0,-0.003,0.007
8.34,4.809,19.378,0.0,0.0,-0.003,0.007
8.36,4.808,19.375,0.0,0.0,-0.003,0.007
8.38,4.807,19.372,0.0,-0.0,-0.003,0.007
8.4,4.805,19.37,0.0,0.0,-0.003,0.007
8.42,4.804,19.367,0.0,0.0,-0.003,0.007
8.44,4.803,19.364,0.0,0.0,-0.003,0.007
8.46,2.917,19.499,-0.045,0.0,-0.005,0.007
8.48,2.814,19.503,-0.047,0.0,-0.005,0.007
8.5,4.788,19.36,0.001,0.0,-0.005,0.007
8.52,4.904,19.349,0.004,0.0,-0.005,0.007
8.54,5.045,20.265,0.0,-0.045,-0.005,0.005
8.56,5.042,20.312,-0.0,-0.047,-0.005,0.005
8.58,4.74,19.382,-0.0,0.001,-0.005,0.005
8.6,4.722,19.324,0.0,0.004,-0.005,0.005
8.62,4.744,19.395,0.0,0.0,-0.005,0.005
8.64,4.745,19.402,-0.0,-0.0,-0.005,0.005
8.66,4.742,19.394,-0.0,-0.0,-0.005,0.005
8.68,4.74,19.391,0.0,0.0,-0.005,0.005
8.7,4.739,19.39,0.0,0.0,-0.005,0.005
8.72,4.737,19.388,0.0,-0.0,-0.005,0.005
8.74,4.438,18.477,0.0,0.045,-0.005,0.007
8.76,4.42,18.427,0.0,0.047,-0.005,0.007
8.78,4.73,19.351,0.0,-0.001,-0.005,0.007
8.8,4.747,19.404,0.0,-0.004,-0.005,0.007
8.82,4.721,19.328,0.0,-0.0,-0.005,0.007
8.84,4.716,19.317,0.0,0.0,-0.005,0.007
8.86,4.717,19.32,0.0,0.0,-0.005,0.007
8.88,4.715,19.318,0.0,-0.0,-0.005,0.007
8.9,4.713,19.315,0.0,-0.0,-0.005,0.007
8.92,4.712,19.312,0.0,0.0,-0.005,0.007
8.94,4.71,19.309,0.0,0.0,-0.005,0.007
8.96,4.411,18.398,0.0,0.045,-0.005,0.009
8.98,4.393,18.346,0.0,0.047,-0.005,0.009
9.0,4.702,19.27,0.0,-0.001,-0.005,0.009
9.02,4.719,19.322,0.0,-0.004,-0.005,0.009
9.04,4.693,19.246,0.0,-0.0,-0.005,0.009
9.06,4.688,19.234,0.0,0.0,-0.005,0.009
9.08,4.688,19.236,0.0,0.0,-0.005,0.009
9.1,4.687,19.233,0.0,-0.0,-0.005,0.009
9.12,4.982,20.138,0.0,-0.045,-0.005,0.007
9.14,4.997,20.182,0.0,-0.047,-0.005,0.007
9.16,4.684,19.252,0.0,0.001,-0.005,0.007
9.18,4.663,19.194,0.0,0.004,-0.005,0.007
9.2,4.686,19.264,0.0,0.0,-0.005,0.007
9.22,4.687,19.27,0.0,-0.0,-0.005,0.007
9.24,4.684,19.261,0.0,-0.0,-0.005,0.007
9.26,4.682,19.258,0.0,0.0,-0.005,0.007
9.28,4.68,19.255,0.0,0.0,-0.005,0.007
9.3,4.678,19.253,0.0,-0.0,-0.005,0.007
9.32,4.677,19.25,0.0,0.0,-0.005,0.007
9.34,4.675,19.247,0.0,0.0,-0.005,0.007
9.36,4.673,19.244,0.0,0.0,-0.005,0.007
9.38,4.672,19.241,0.0,0.0,-0.005,0.007
9.4,4.67,19.238,0.0,0.0,-0.005,0.007
9.42,4.668,19.236,0.0,0.0,-0.005,0.007
9.44,4.667,19.233,0.0,0.0,-0.005,0.007
9.46,4.665,19.23,0.0,0.0,-0.005,0.007
9.48,4.663,19.227,0.0,0.0,-0.005,0.007
9.5,4.662,19.224,0.0,0.0,-0.005,0.007
9.52,4.958,20.13,0.0,-0.045,-0.005,0.005
9.54,4.972,20.176,0.0,-0.047,-0.005,0.005
9.56,4.659,19.246,0.0,0.001,-0.005,0.005
9.58,4.639,19.189,0.0,0.004,-0.005,0.005
9.6,4.662,19.259,0.0,0.0,-0.005,0.005
9.62,4.663,19.266,0.0,-0.0,-0.005,0.005
9.64,4.66,19.259,0.0,-0.0,-0.005,0.005
9.66,4.658,19.255,0.0,0.0,-0.005,0.005
9.68,4.657,19.254,0.0,0.0,-0.005,0.005
9.7,4.655,19.252,0.0,-0.0,-0.005,0.005
9.72,4.654,19.25,0.0,0.0,-0.005,0.005
9.74,4.652,19.248,0.0,0.0,-0.005,0.005
9.76,4.651,19.246,0.0,0.0,-0.005,0.005
9.78,4.649,19.244,0.0,0.0,-0.005,0.005
9.8,4.648,19.242,0.0,0.0,-0.005,0.005
9.82,4.646,19.24,0.0,0.0,-0.005,0.005
9.84,4.645,19.238,0.0,0.0,-0.005,0.005
9.86,4.643,19.236,0.0,0.0,-0.005,0.005
9.88,4.642,19.233,0.0,0.0,-0.005,0.005
9.9,4.64,19.231,0.0,0.0,-0.005,0.005
9.92,4.639,19.229,0.0,0.0,-0.005,0.005
9.94,4.637,19.227,0.0,0.0,-0.005,0.005
9.96,4.636,19.225,0.0,0.0,-0.005,0.005
9.98,4.634,19.223,0.0,0.0,-0.005,0.005
10.0,4.633,19.221,0.0,0.0,-0.005,0.005
10.02,4.631,19.219,0.0,0.0,-0.005,0.005
10.04,4.63,19.217,0.0,0.0,-0.005,0.005
10.06,4.33,18.307,0.0,0.045,-0.005,0.007
10.08,4.313,18.256,0.0,0.047,-0.005,0.007
10.1,4.622,19.181,0.0,-0.001,-0.005,0.007
10.12,4.639,19.233,0.0,-0.004,-0.005,0.007
10.14,4.613,19.158,0.0,-0.0,-0.005,0.007
10.16,4.609,19.147,0.0,0.0,-0.005,0.007
10.18,4.609,19.149,0.0,0.0,-0.005,0.007
10.2,4.607,19.147,0.0,-0.0,-0.005,0.007
10.22,4.606,19.144,0.0,-0.0,-0.005,0.007
10.24,4.902,20.05,0.0,-0.045,-0.005,0.005
10.26,4.916,20.095,0.0,-0.047,-0.005,0.005
10.28,4.603,19.166,0.0,0.001,-0.005,0.005
10.3,4.583,19.109,0.0,0.004,-0.005,0.005
10.32,4.606,19.179,0.0,0.0,-0.005,0.005
10.34,4.607,19.186,0.0,-0.0,-0.005,0.005
10.36,4.604,19.178,0.0,-0.0,-0.005,0.005
10.38,4.602,19.175,0.0,0.0,-0.005,0.005
10.4,4.601,19.174,0.0,0.0,-0.005,0.005
10.42,4.599,19.172,0.0,-0.0,-0.005,0.005
10.44,4.598,19.17,0.0,0.0,-0.005,0.005
10.46,4.596,19.168,0.0,0.0,-0.005,0.005
10.48,4.595,19.165,0.0,0.0,-0.005,0.005
10.5,4.593,19.163,0.0,0.0,-0.005,0.005
10.52,4.889,20.07,0.0,-0.045,-0.005,0.003
10.54,4.904,20.116,0.0,-0.047,-0.005,0.003
10.56,4.591,19.187,0.0,0.001,-0.005,0.003
10.58,4.571,19.131,0.0,0.004,-0.005,0.003
10.6,4.594,19.202,0.0,0.0,-0.005,0.003
10.62,4.596,19.21,0.0,-0.0,-0.005,0.003
10.64,4.593,19.203,0.0,-0.0,-0.005,0.003
10.66,4.591,19.201,0.0,0.0,-0.005,0.003
10.68,4.59,19.2,0.0,0.0,-0.005,0.003
10.7,4.588,19.198,0.0,-0.0,-0.005,0.003
10.72,4.587,19.197,0.0,0.0,-0.005,0.003
10.74,4.288,18.287,0.0,0.045,-0.005,0.005
10.76,4.27,18.238,0.0,0.047,-0.005,0.005
10.78,4.58,19.163,0.0,-0.001,-0.005,0.005
10.8,4.598,19.217,0.0,-0.004,-0.005,0.005
10.82,4.572,19.142,0.0,-0.0,-0.005,0.005
10.84,4.567,19.131,0.0,0.0,-0.005,0.005
10.86,4.568,19.135,0.0,0.0,-0.005,0.005
10.88,4.566,19.134,0.0,-0.0,-0.005,0.005
10.9,4.565,19.131,0.0,-0.0,-0.005,0.005
10.92,4.265,18.22,0.0,0.045,-0.005,0.007
10.94,4.248,18.17,0.0,0.047,-0.005,0.007
10.96,4.558,19.095,0.0,-0.001,-0.005,0.007
10.98,4.574,19.147,0.0,-0.004,-0.005,0.007
11.0,4.548,19.072,0.0,-0.0,-0.005,0.007
11.02,4.544,19.06,0.0,0.0,-0.005,0.007
11.04,4.544,19.063,0.0,0.0,-0.005,0.007
11.06,4.84,19.97,0.0,-0.045,-0.005,0.005
11.08,4.855,20.015,0.0,-0.047,-0.005,0.005
11.1,4.542,19.085,0.0,0.001,-0.005,0.005
11.12,4.522,19.028,0.0,0.004,-0.005,0.005
11.14,4.842,20.007,0.0,-0.045,-0.005,0.003
11.16,4.86,20.062,0.0,-0.048,-0.005,0.003
11.18,4.545,19.128,0.0,0.001,-0.005,0.003
11.2,4.525,19.07,0.0,0.004,-0.005,0.003
11.22,4.548,19.142,0.0,0.0,-0.005,0.003
11.24,4.55,19.149,0.0,-0.0,-0.005,0.003
11.26,4.546,19.143,0.0,-0.0,-0.005,0.003
11.28,4.545,19.14,0.0,0.0,-0.005,0.003
11.3,4.543,19.14,0.0,0.0,-0.005,0.003
11.32,4.542,19.138,0.0,-0.0,-0.005,0.003
11.34,4.541,19.137,0.0,0.0,-0.005,0.003
11.36,4.539,19.136,0.0,0.0,-0.005,0.003
11.38,4.538,19.134,0.0,0.0,-0.005,0.003
11.4,4.537,19.133,0.0,0.0,-0.005,0.003
11.42,4.833,20.04,0.0,-0.045,-0.005,0.002
11.44,4.848,20.088,0.0,-0.047,-0.005,0.002
11.46,4.535,19.159,0.0,0.001,-0.005,0.002
11.48,4.516,19.104,0.0,0.004,-0.005,0.002
11.5,4.539,19.176,0.0,0.0,-0.005,0.002
11.52,4.54,19.184,0.0,-0.0,-0.005,0.002
11.54,4.537,19.178,0.0,-0.0,-0.005,0.002
11.56,4.536,19.176,0.0,0.0,-0.005,0.002
11.58,4.237,18.268,0.0,0.045,-0.005,0.003
11.6,4.22,18.219,0.0,0.047,-0.005,0.003
11.62,4.53,19.145,0.0,-0.001,-0.005,0.003
11.64,4.547,19.199,0.0,-0.004,-0.005,0.003
11.66,4.521,19.125,0.0,-0.0,-0.005,0.003
11.68,4.517,19.115,0.0,0.0,-0.005,0.003
11.7,4.518,19.12,0.0,0.0,-0.005,0.003
11.72,4.517,19.119,0.0,-0.0,-0.005,0.003
11.74,4.515,19.118,0.0,-0.0,-0.005,0.003
11.76,4.514,19.116,0.0,0.0,-0.005,0.003
11.78,4.512,19.115,0.0,0.0,-0.005,0.003
11.8,4.511,19.114,0.0,0.0,-0.005,0.003
11.82,4.51,19.113,0.0,0.0,-0.005,0.003
11.84,4.508,19.111,0.0,0.0,-0.005,0.003
11.86,4.209,18.201,0.0,0.045,-0.005,0.005
11.88,4.192,18.152,0.0,0.047,-0.005,0.005
11.9,4.502,19.077,0.0,-0.001,-0.005,0.005
11.92,4.519,19.131,0.0,-0.004,-0.005,0.005
11.94,4.493,19.056,0.0,-0.0,-0.005,0.005
11.96,4.488,19.045,0.0,0.0,-0.005,0.005
11.98,4.787,19.957,0.0,-0.045,-0.005,0.003
12.0,4.802,20.004,0.0,-0.047,-0.005,0.003
12.02,4.489,19.075,0.0,0.001,-0.005,0.003
12.04,4.469,19.019,0.0,0.004,-0.005,0.003
12.06,4.492,19.09,0.0,0.0,-0.005,0.003
12.08,4.493,19.097,0.0,-0.0,-0.005,0.003
12.1,4.49,19.091,0.0,-0.0,-0.005,0.003
12.12,4.488,19.088,0.0,0.0,-0.005,0.003
12.14,4.785,19.996,0.0,-0.045,-0.005,0.002
12.16,4.8,20.043,0.0,-0.047,-0.005,0.002
12.18,4.487,19.115,0.0,0.001,-0.005,0.002
12.2,4.765,19.968,0.0,-0.041,-0.005,-0.0
12.22,4.804,20.088,0.0,-0.047,-0.005,-0.0
12.24,4.495,19.17,0.0,0.001,-0.005,-0.0
12.26,4.473,19.109,0.0,0.004,-0.005,-0.0
12.28,4.496,19.181,0.0,0.0,-0.005,-0.0
12.3,4.498,19.19,0.0,-0.0,-0.005,-0.0
12.32,4.496,19.185,0.0,-0.0,-0.005,-0.0
12.34,4.196,18.276,0.0,0.045,-0.005,0.002
12.36,4.179,18.228,0.0,0.047,-0.005,0.002
12.38,4.49,19.155,0.0,-0.001,-0.005,0.002
12.4,4.507,19.21,0.0,-0.004,-0.005,0.002
12.42,4.184,18.228,0.0,0.045,-0.005,0.003
12.44,4.164,18.171,0.0,0.048,-0.005,0.003
12.46,4.476,19.103,0.0,-0.001,-0.005,0.003
12.48,4.493,19.158,0.0,-0.004,-0.005,0.003
12.5,4.467,19.083,0.0,-0.0,-0.005,0.003
12.52,4.463,19.073,0.0,0.0,-0.005,0.003
12.54,4.463,19.077,0.0,0.0,-0.005,0.003
12.56,4.462,19.077,0.0,-0.0,-0.005,0.003
12.58,4.461,19.076,0.0,-0.0,-0.005,0.003
12.6,4.46,19.074,0.0,0.0,-0.005,0.003
12.62,4.458,19.073,0.0,0.0,-0.005,0.003
12.64,4.457,19.072,0.0,0.0,-0.005,0.003
12.66,4.456,19.07,0.0,0.0,-0.005,0.003
12.68,4.454,19.069,0.0,0.0,-0.005,0.003
12.7,4.155,18.159,0.0,0.045,-0.005,0.005
12.72,4.138,18.11,0.0,0.047,-0.005,0.005
12.74,4.448,19.035,0.0,-0.001,-0.005,0.005
12.76,4.465,19.088,0.0,-0.004,-0.005,0.005
12.78,4.439,19.014,0.0,-0.0,-0.005,0.005
12.8,4.434,19.003,0.0,0.0,-0.005,0.005
12.82,4.732,19.915,0.0,-0.045,-0.005,0.003
12.84,4.747,19.962,0.0,-0.047,-0.005,0.003
12.86,4.434,19.033,0.0,0.001,-0.005,0.003
12.88,4.414,18.976,0.0,0.004,-0.005,0.003
12.9,4.437,19.048,0.0,0.0,-0.005,0.003
12.92,4.439,19.055,0.0,-0.0,-0.005,0.003
12.94,4.734,19.957,0.0,-0.045,-0.005,0.002
12.96,4.748,20.003,0.0,-0.047,-0.005,0.002
12.98,4.435,19.075,0.0,0.001,-0.005,0.002
13.0,4.416,19.02,0.0,0.004,-0.005,0.002
13.02,4.439,19.092,0.0,0.0,-0.005,0.002
13.04,4.441,19.1,0.0,-0.0,-0.005,0.002
13.06,4.438,19.094,0.0,-0.0,-0.005,0.002
13.08,4.734,20.001,0.0,-0.045,-0.005,-0.0
13.1,4.749,20.049,0.0,-0.047,-0.005,-0.0
13.12,4.437,19.122,0.0,0.001,-0.005,-0.0
13.14,4.417,19.067,0.0,0.004,-0.005,-0.0
13.16,4.44,19.14,0.0,0.0,-0.005,-0.0
13.18,4.442,19.149,0.0,-0.0,-0.005,-0.0
13.2,4.142,18.235,0.0,0.045,-0.005,0.002
13.22,4.124,18.186,0.0,0.047,-0.005,0.002
13.24,4.435,19.113,0.0,-0.001,-0.005,0.002
13.26,4.154,18.26,0.0,0.041,-0.005,0.003
13.28,4.112,18.138,0.0,0.047,-0.005,0.003
13.3,4.42,19.056,0.0,-0.001,-0.005,0.003
13.32,4.439,19.115,0.0,-0.004,-0.005,0.003
13.34,4.413,19.042,0.0,-0.0,-0.005,0.003
13.36,4.409,19.032,0.0,0.0,-0.005,0.003
13.38,4.409,19.036,0.0,0.0,-0.005,0.003
13.4,4.408,19.036,0.0,-0.0,-0.005,0.003
13.42,4.407,19.034,0.0,-0.0,-0.005,0.003
13.44,4.406,19.033,0.0,0.0,-0.005,0.003
13.46,4.404,19.032,0.0,0.0,-0.005,0.003
13.48,4.403,19.03,0.0,0.0,-0.005,0.003
13.5,4.401,19.029,0.0,0.0,-0.005,0.003
13.52,4.4,19.028,0.0,0.0,-0.005,0.003
13.54,4.101,18.118,0.0,0.045,-0.005,0.005
13.56,4.083,18.068,0.0,0.047,-0.005,0.005
13.58,4.393,18.994,0.0,-0.001,-0.005,0.005
13.6,4.411,19.047,0.0,-0.004,-0.005,0.005
13.62,4.385,18.972,0.0,-0.0,-0.005,0.005
13.64,4.38,18.962,0.0,0.0,-0.005,0.005
13.66,4.678,19.874,0.0,-0.045,-0.005,0.003
13.68,6.577,19.783,0.045,-0.047,-0.003,0.003
13.7,6.366,18.846,0.047,0.001,-0.003,0.003
13.72,4.669,19.839,-0.001,-0.041,-0.003,0.002
13.74,4.591,19.967,-0.004,-0.047,-0.003,0.002
13.76,4.436,19.036,-0.0,0.001,-0.003,0.002
13.78,2.549,19.112,-0.044,0.004,-0.005,0.002
13.8,2.459,19.191,-0.047,0.0,-0.005,0.002
13.82,4.434,19.059,0.001,-0.0,-0.005,0.002
13.84,4.847,19.953,0.004,-0.045,-0.005,-0.0
13.86,4.707,20.011,0.0,-0.047,-0.005,-0.0
13.88,4.377,19.085,-0.0,0.001,-0.005,-0.0
13.9,4.369,19.03,-0.0,0.004,-0.005,-0.0
13.92,4.692,20.011,0.0,-0.045,-0.005,-0.002
13.94,4.709,20.068,0.0,-0.048,-0.005,-0.002
13.96,4.395,19.136,-0.0,0.001,-0.005,-0.002
13.98,4.375,19.081,-0.0,0.004,-0.005,-0.002
14.0,4.399,19.155,0.0,0.0,-0.005,-0.002
14.02,4.401,19.165,0.0,-0.0,-0.005,-0.002
14.04,4.398,19.16,0.0,-0.0,-0.005,-0.002
14.06,4.397,19.16,0.0,0.0,-0.005,-0.002
14.08,4.098,18.253,0.0,0.045,-0.005,-0.0
14.1,4.081,18.206,0.0,0.047,-0.005,-0.0
14.12,4.392,19.134,0.0,-0.001,-0.005,-0.0
14.14,4.41,19.189,0.0,-0.004,-0.005,-0.0
14.16,4.086,18.208,0.0,0.045,-0.005,0.002
14.18,4.066,18.151,0.0,0.048,-0.005,0.002
14.2,4.378,19.084,0.0,-0.001,-0.005,0.002
14.22,4.396,19.14,0.0,-0.004,-0.005,0.002
14.24,4.37,19.066,0.0,-0.0,-0.005,0.002
14.26,4.366,19.057,0.0,0.0,-0.005,0.002
14.28,4.367,19.062,0.0,0.0,-0.005,0.002
14.3,4.366,19.062,0.0,-0.0,-0.005,0.002
14.32,4.365,19.062,0.0,-0.0,-0.005,0.002
14.34,4.364,19.061,0.0,0.0,-0.005,0.002
14.36,4.362,19.06,0.0,0.0,-0.005,0.002
14.38,4.361,19.06,0.0,0.0,-0.005,0.002
14.4,4.36,19.059,0.0,0.0,-0.005,0.002
14.42,4.061,18.15,0.0,0.045,-0.005,0.003
14.44,4.044,18.101,0.0,0.047,-0.005,0.003
14.46,4.354,19.028,0.0,-0.001,-0.005,0.003
14.48,4.371,19.082,0.0,-0.004,-0.005,0.003
14.5,4.345,19.008,0.0,-0.0,-0.005,0.003
14.52,4.639,19.906,0.0,-0.044,-0.005,0.002
14.54,4.656,19.959,0.0,-0.047,-0.005,0.002
14.56,6.227,18.894,0.045,0.001,-0.003,0.002
14.58,6.309,18.83,0.047,0.004,-0.003,0.002
14.6,4.357,19.043,-0.001,0.0,-0.003,0.002
14.62,4.241,19.059,-0.004,-0.0,-0.003,0.002
14.64,4.691,19.951,-0.0,-0.045,-0.003,-0.0
14.66,4.725,19.996,0.0,-0.047,-0.003,-0.0
14.68,2.517,19.208,-0.045,0.001,-0.005,-0.0
14.7,2.393,19.161,-0.047,0.004,-0.005,-0.0
14.72,4.393,19.093,0.001,0.0,-0.005,-0.0
14.74,4.513,19.093,0.004,-0.0,-0.005,-0.0
14.76,4.356,19.099,0.0,-0.0,-0.005,-0.0
14.78,4.336,19.1,-0.0,0.0,-0.005,-0.0
14.8,4.347,19.1,-0.0,0.0,-0.005,-0.0
14.82,4.348,19.1,0.0,-0.0,-0.005,-0.0
14.84,4.346,19.1,0.0,0.0,-0.005,-0.0
14.86,4.345,19.1,-0.0,0.0,-0.005,-0.0
14.88,4.344,19.101,-0.0,0.0,-0.005,-0.0
14.9,4.641,20.009,0.0,-0.045,-0.005,-0.002
14.92,4.656,20.058,0.0,-0.047,-0.005,-0.002
14.94,4.343,19.131,0.0,0.001,-0.005,-0.002
14.96,4.324,19.077,0.0,0.004,-0.005,-0.002
14.98,4.347,19.151,0.0,0.0,-0.005,-0.002
15.0,4.35,19.16,0.0,-0.0,-0.005,-0.002
15.02,6.231,19.018,0.045,-0.0,-0.003,-0.002
15.04,6.034,18.102,0.047,0.045,-0.003,-0.0
15.06,4.042,18.196,-0.001,0.047,-0.003,-0.0
15.08,4.235,19.132,-0.004,-0.001,-0.003,-0.0
15.1,4.407,19.176,-0.0,-0.004,-0.003,-0.0
15.12,4.401,19.102,0.0,-0.0,-0.003,-0.0
15.14,4.385,19.095,0.0,0.0,-0.003,-0.0
15.16,2.5,19.239,-0.045,0.0,-0.005,-0.0
15.18,2.399,19.247,-0.047,-0.0,-0.005,-0.0
15.2,4.374,19.106,0.001,-0.0,-0.005,-0.0
15.22,4.49,19.098,0.004,0.0,-0.005,-0.0
15.24,4.334,19.109,0.0,0.0,-0.005,-0.0
15.26,4.315,19.111,-0.0,0.0,-0.005,-0.0
15.28,4.326,19.11,-0.0,0.0,-0.005,-0.0
15.3,4.327,19.111,0.0,0.0,-0.005,-0.0
15.32,4.325,19.111,0.0,0.0,-0.005,-0.0
15.34,4.324,19.111,-0.0,0.0,-0.005,-0.0
15.36,4.323,19.111,-0.0,0.0,-0.005,-0.0
15.38,4.322,19.112,0.0,0.0,-0.005,-0.0
15.4,4.023,18.203,0.0,0.045,-0.005,0.002
15.42,4.006,18.155,0.0,0.047,-0.005,0.002
15.44,4.316,19.082,0.0,-0.001,-0.005,0.002
15.46,4.334,19.137,0.0,-0.004,-0.005,0.002
15.48,4.308,19.064,0.0,-0.0,-0.005,0.002
15.5,4.304,19.055,0.0,0.0,-0.005,0.002
15.52,4.305,19.06,0.0,0.0,-0.005,0.002
15.54,4.304,19.06,0.0,-0.0,-0.005,0.002
15.56,4.6,19.968,0.0,-0.045,-0.005,-0.0
15.58,4.615,20.016,0.0,-0.047,-0.005,-0.0
15.6,4.303,19.088,0.0,0.001,-0.005,-0.0
15.62,6.167,18.895,0.045,0.004,-0.003,-0.0
15.64,4.408,19.099,0.002,0.0,-0.005,-0.0
15.66,2.333,19.256,-0.048,-0.0,-0.005,-0.0
15.68,4.188,19.118,-0.003,-0.0,-0.005,-0.0
15.7,4.459,19.098,0.004,0.0,-0.005,-0.0
15.72,4.322,19.108,0.0,0.0,-0.005,-0.0
15.74,4.291,19.111,-0.0,-0.0,-0.005,-0.0
15.76,4.299,19.11,-0.0,0.0,-0.005,-0.0
15.78,4.301,19.11,0.0,0.0,-0.005,-0.0
15.8,4.3,19.111,0.0,0.0,-0.005,-0.0
15.82,4.298,19.111,-0.0,0.0,-0.005,-0.0
15.84,4.595,20.02,-0.0,-0.045,-0.005,-0.002
15.86,4.61,20.068,0.0,-0.047,-0.005,-0.002
15.88,4.298,19.142,0.0,0.001,-0.005,-0.002
15.9,4.279,19.087,0.0,0.004,-0.005,-0.002
15.92,4.302,19.161,0.0,0.0,-0.005,-0.002
15.94,4.304,19.171,0.0,-0.0,-0.005,-0.002
15.96,4.302,19.166,0.0,-0.0,-0.005,-0.002
15.98,4.3,19.166,0.0,0.0,-0.005,-0.002
16.0,4.002,18.259,0.0,0.045,-0.005,-0.0
16.02,3.985,18.212,0.0,0.047,-0.005,-0.0
16.04,4.295,19.14,0.0,-0.001,-0.005,-0.0
16.06,4.313,19.195,0.0,-0.004,-0.005,-0.0
16.08,4.287,19.123,0.0,-0.0,-0.005,-0.0
16.1,4.284,19.115,0.0,0.0,-0.005,-0.0
16.12,4.284,19.12,0.0,0.0,-0.005,-0.0
16.14,4.284,19.121,0.0,-0.0,-0.005,-0.0
16.16,4.283,19.121,0.0,-0.0,-0.005,-0.0
16.18,4.282,19.121,0.0,0.0,-0.005,-0.0
16.2,4.281,19.122,0.0,0.0,-0.005,-0.0
16.22,4.28,19.122,0.0,0.0,-0.005,-0.0
16.24,4.279,19.122,0.0,0.0,-0.005,-0.0
16.26,4.277,19.123,0.0,0.0,-0.005,-0.0
16.28,4.276,19.123,0.0,0.0,-0.005,-0.0
16.3,4.275,19.123,0.0,0.0,-0.005,-0.0
16.32,4.274,19.123,0.0,0.0,-0.005,-0.0
16.34,4.273,19.124,0.0,0.0,-0.005,-0.0
16.36,4.272,19.124,0.0,0.0,-0.005,-0.0
16.38,4.271,19.124,0.0,0.0,-0.005,-0.0
16.4,3.973,18.216,0.0,0.045,-0.005,0.002
16.42,3.955,18.168,0.0,0.047,-0.005,0.002
16.44,4.266,19.095,0.0,-0.001,-0.005,0.002
16.46,4.283,19.149,0.0,-0.004,-0.005,0.002
16.48,4.258,19.076,0.0,-0.0,-0.005,0.002
16.5,4.253,19.067,0.0,0.0,-0.005,0.002
16.52,4.254,19.072,0.0,0.0,-0.005,0.002
16.54,4.551,19.981,0.0,-0.045,-0.005,-0.0
16.56,4.566,20.029,0.0,-0.047,-0.005,-0.0
16.58,4.253,19.101,0.0,0.001,-0.005,-0.0
16.6,4.234,19.046,0.0,0.004,-0.005,-0.0
16.62,4.257,19.119,0.0,0.0,-0.005,-0.0
16.64,6.143,18.99,0.045,-0.0,-0.003,-0.0
16.66,6.242,18.977,0.047,-0.0,-0.003,-0.0
16.68,4.265,19.117,-0.001,0.0,-0.003,-0.0
16.7,4.147,19.126,-0.004,0.0,-0.003,-0.0
16.72,2.417,19.253,-0.045,-0.0,-0.005,-0.0
16.74,2.333,19.26,-0.047,0.0,-0.005,-0.0
16.76,4.296,19.12,0.001,0.0,-0.005,-0.0
16.78,4.411,19.112,0.004,0.0,-0.005,-0.0
16.8,4.255,19.123,0.0,0.0,-0.005,-0.0
16.82,4.534,20.033,-0.0,-0.045,-0.005,-0.002
16.84,4.561,20.081,-0.0,-0.047,-0.005,-0.002
16.86,4.251,19.154,0.0,0.001,-0.005,-0.002
16.88,4.23,19.1,0.0,0.004,-0.005,-0.002
16.9,4.254,19.174,-0.0,0.0,-0.005,-0.002
16.92,4.256,19.184,-0.0,-0.0,-0.005,-0.002
16.94,3.955,18.271,0.0,0.045,-0.005,-0.0
16.96,3.938,18.222,0.0,0.047,-0.005,-0.0
16.98,4.249,19.15,0.0,-0.001,-0.005,-0.0
17.0,4.266,19.206,0.0,-0.004,-0.005,-0.0
17.02,4.241,19.134,0.0,-0.0,-0.005,-0.0
17.04,4.237,19.125,0.0,0.0,-0.005,-0.0
17.06,4.238,19.131,0.0,0.0,-0.005,-0.0
17.08,3.939,18.224,0.0,0.045,-0.005,0.002
17.1,3.922,18.175,0.0,0.047,-0.005,0.002
17.12,4.232,19.102,0.0,-0.001,-0.005,0.002
17.14,4.25,19.157,0.0,-0.004,-0.005,0.002
17.16,4.224,19.084,0.0,-0.0,-0.005,0.002
17.18,4.22,19.075,0.0,0.0,-0.005,0.002
17.2,4.221,19.08,0.0,0.0,-0.005,0.002
17.22,3.922,18.172,0.0,0.045,-0.005,0.003
17.24,3.905,18.122,0.0,0.047,-0.005,0.003
17.26,4.215,19.048,0.0,-0.001,-0.005,0.003
17.28,4.232,19.102,0.0,-0.004,-0.005,0.003
17.3,4.206,19.028,0.0,-0.0,-0.005,0.003
17.32,4.202,19.019,0.0,0.0,-0.005,0.003
17.34,4.202,19.023,0.0,0.0,-0.005,0.003
17.36,4.499,19.931,0.0,-0.045,-0.005,0.002
17.38,4.514,19.978,0.0,-0.047,-0.005,0.002
17.4,4.201,19.05,0.0,0.001,-0.005,0.002
17.42,4.181,18.994,0.0,0.004,-0.005,0.002
17.44,4.205,19.066,0.0,0.0,-0.005,0.002
17.46,4.206,19.074,0.0,-0.0,-0.005,0.002
17.48,4.501,19.977,0.0,-0.045,-0.005,-0.0
17.5,4.516,20.024,0.0,-0.047,-0.005,-0.0
17.52,4.203,19.097,0.0,0.001,-0.005,-0.0
17.54,4.184,19.042,0.0,0.004,-0.005,-0.0
17.56,4.207,19.115,0.0,0.0,-0.005,-0.0
17.58,4.209,19.123,0.0,-0.0,-0.005,-0.0
17.6,4.206,19.118,0.0,-0.0,-0.005,-0.0
17.62,4.205,19.117,0.0,0.0,-0.005,-0.0
17.64,4.502,20.027,0.0,-0.045,-0.005,-0.002
17.66,4.517,20.075,0.0,-0.047,-0.005,-0.002
17.68,4.205,19.149,0.0,0.001,-0.005,-0.002
17.7,4.185,19.094,0.0,0.004,-0.005,-0.002
17.72,4.209,19.168,0.0,0.0,-0.005,-0.002
17.74,4.211,19.178,0.0,-0.0,-0.005,-0.002
17.76,3.91,18.265,0.0,0.045,-0.005,-0.0
17.78,3.893,18.216,0.0,0.047,-0.005,-0.0
17.8,4.204,19.145,0.0,-0.001,-0.005,-0.0
17.82,4.221,19.2,0.0,-0.004,-0.005,-0.0
17.84,3.898,18.219,0.0,0.045,-0.005,0.002
17.86,3.878,18.162,0.0,0.048,-0.005,0.002
17.88,4.19,19.095,0.0,-0.001,-0.005,0.002
17.9,4.208,19.151,0.0,-0.004,-0.005,0.002
17.92,4.182,19.077,0.0,-0.0,-0.005,0.002
17.94,4.178,19.068,0.0,0.0,-0.005,0.002
17.96,4.179,19.073,0.0,0.0,-0.005,0.002
17.98,4.178,19.073,0.0,-0.0,-0.005,0.002
18.0,4.176,19.073,0.0,-0.0,-0.005,0.002
18.02,4.175,19.072,0.0,0.0,-0.005,0.002
18.04,4.174,19.072,0.0,0.0,-0.005,0.002
18.06,4.173,19.071,0.0,0.0,-0.005,0.002
18.08,4.172,19.07,0.0,0.0,-0.005,0.002
18.1,4.17,19.07,0.0,0.0,-0.005,0.002
18.12,4.169,19.069,0.0,0.0,-0.005,0.002
18.14,3.87,18.16,0.0,0.045,-0.005,0.003
18.16,3.853,18.111,0.0,0.047,-0.005,0.003
18.18,4.163,19.038,0.0,-0.001,-0.005,0.003
18.2,4.18,19.092,0.0,-0.004,-0.005,0.003
18.22,4.155,19.018,0.0,-0.0,-0.005,0.003
18.24,4.15,19.008,0.0,0.0,-0.005,0.003
18.26,4.151,19.012,0.0,0.0,-0.005,0.003
18.28,4.448,19.92,0.0,-0.045,-0.005,0.002
18.3,4.462,19.967,0.0,-0.047,-0.005,0.002
18.32,4.15,19.039,0.0,0.001,-0.005,0.002
18.34,4.13,18.983,0.0,0.004,-0.005,0.002
18.36,4.153,19.055,0.0,0.0,-0.005,0.002
18.38,4.155,19.063,0.0,-0.0,-0.005,0.002
18.4,4.152,19.057,0.0,-0.0,-0.005,0.002
18.42,4.15,19.056,0.0,0.0,-0.005,0.002
18.44,4.149,19.056,0.0,0.0,-0.005,0.002
18.46,4.148,19.055,0.0,-0.0,-0.005,0.002
18.48,4.147,19.055,0.0,0.0,-0.005,0.002
18.5,4.146,19.054,0.0,0.0,-0.005,0.002
18.52,4.144,19.054,0.0,0.0,-0.005,0.002
18.54,4.143,19.053,0.0,0.0,-0.005,0.002
18.56,4.142,19.053,0.0,0.0,-0.005,0.002
18.58,4.141,19.052,0.0,0.0,-0.005,0.002
18.6,4.14,19.052,0.0,0.0,-0.005,0.002
18.62,4.139,19.051,0.0,0.0,-0.005,0.002
18.64,4.137,19.051,0.0,0.0,-0.005,0.002
18.66,4.136,19.05,0.0,0.0,-0.005,0.002
18.68,4.433,19.958,0.0,-0.045,-0.005,-0.0
18.7,4.448,20.006,0.0,-0.047,-0.005,-0.0
18.72,6.019,18.941,0.045,0.001,-0.003,-0.0
18.74,6.102,18.878,0.047,0.004,-0.003,-0.0
18.76,4.15,19.092,-0.001,0.0,-0.003,-0.0
18.78,4.034,19.109,-0.004,-0.0,-0.003,-0.0
18.8,4.186,19.093,-0.0,-0.0,-0.003,-0.0
18.82,4.204,19.091,0.0,0.0,-0.003,-0.0
18.84,2.01,18.322,-0.045,0.045,-0.005,0.002
18.86,1.889,18.281,-0.047,0.047,-0.005,0.002
18.88,4.176,19.067,0.001,-0.001,-0.005,0.002
18.9,4.311,19.114,0.004,-0.004,-0.005,0.002
18.92,4.13,19.051,0.0,-0.0,-0.005,0.002
18.94,4.108,19.044,-0.0,0.0,-0.005,0.002
18.96,4.12,19.048,-0.0,0.0,-0.005,0.002
18.98,4.122,19.048,0.0,-0.0,-0.005,0.002
19.0,4.12,19.047,0.0,-0.0,-0.005,0.002
19.02,4.118,19.047,-0.0,0.0,-0.005,0.002
19.04,4.117,19.046,-0.0,0.0,-0.005,0.002
19.06,4.116,19.046,0.0,0.0,-0.005,0.002
19.08,4.115,19.045,0.0,0.0,-0.005,0.002
19.1,4.113,19.045,0.0,0.0,-0.005,0.002
19.12,4.112,19.044,0.0,0.0,-0.005,0.002
19.14,4.111,19.044,0.0,0.0,-0.005,0.002
19.16,3.812,18.135,0.0,0.045,-0.005,0.003
19.18,3.795,18.086,0.0,0.047,-0.005,0.003
19.2,4.105,19.012,0.0,-0.001,-0.005,0.003
19.22,4.122,19.066,0.0,-0.004,-0.005,0.003
19.24,5.981,18.854,0.045,-0.0,-0.003,0.003
19.26,6.078,18.837,0.047,0.0,-0.003,0.003
19.28,4.103,18.981,-0.001,0.0,-0.003,0.003
19.3,3.985,18.99,-0.004,-0.0,-0.003,0.003
19.32,2.552,20.023,-0.045,-0.045,-0.005,0.002
19.34,2.484,20.076,-0.047,-0.047,-0.005,0.002
19.36,4.135,19.008,0.001,0.001,-0.005,0.002
19.38,4.231,18.944,0.004,0.004,-0.005,0.002
19.4,4.1,19.028,0.0,0.0,-0.005,0.002
19.42,4.084,19.037,-0.0,-0.0,-0.005,0.002
19.44,4.092,19.03,-0.0,-0.0,-0.005,0.002
19.46,4.093,19.028,0.0,0.0,-0.005,0.002
19.48,4.091,19.028,0.0,0.0,-0.005,0.002
19.5,4.09,19.028,-0.0,-0.0,-0.005,0.002
19.52,4.089,19.027,-0.0,0.0,-0.005,0.002
19.54,4.087,19.027,0.0,0.0,-0.005,0.002
19.56,4.086,19.026,0.0,0.0,-0.005,0.002
19.58,4.383,19.934,0.0,-0.045,-0.005,-0.0
19.6,4.398,19.982,0.0,-0.047,-0.005,-0.0
19.62,4.085,19.055,0.0,0.001,-0.005,-0.0
19.64,4.066,19.0,0.0,0.004,-0.005,-0.0
19.66,4.089,19.073,0.0,0.0,-0.005,-0.0
19.68,4.091,19.082,0.0,-0.0,-0.005,-0.0
19.7,4.088,19.077,0.0,-0.0,-0.005,-0.0
19.72,3.789,18.167,0.0,0.045,-0.005,0.002
19.74,3.772,18.119,0.0,0.047,-0.005,0.002
19.76,4.082,19.047,0.0,-0.001,-0.005,0.002
19.78,4.1,19.101,0.0,-0.004,-0.005,0.002
19.8,4.074,19.028,0.0,-0.0,-0.005,0.002
19.82,4.07,19.019,0.0,0.0,-0.005,0.002
19.84,3.773,18.116,0.0,0.045,-0.005,0.003
19.86,3.756,18.068,0.0,0.047,-0.005,0.003
19.88,4.066,18.994,0.0,-0.001,-0.005,0.003
19.9,4.083,19.047,0.0,-0.004,-0.005,0.003
19.92,4.057,18.973,0.0,-0.0,-0.005,0.003
19.94,4.053,18.964,0.0,0.0,-0.005,0.003
19.96,4.054,18.968,0.0,0.0,-0.005,0.003
19.98,4.053,18.968,0.0,-0.0,-0.005,0.003
20.0,3.753,18.057,0.0,0.045,-0.005,0.005
20.02,3.736,18.008,0.0,0.047,-0.005,0.005
20.04,4.046,18.933,0.0,-0.001,-0.005,0.005
20.06,4.063,18.986,0.0,-0.004,-0.005,0.005
20.08,4.037,18.912,0.0,-0.0,-0.005,0.005
20.1,4.033,18.901,0.0,0.0,-0.005,0.005
20.12,4.331,19.813,0.0,-0.045,-0.005,0.003
20.14,4.346,19.86,0.0,-0.047,-0.005,0.003
20.16,4.033,18.931,0.0,0.001,-0.005,0.003
20.18,4.013,18.874,0.0,0.004,-0.005,0.003
20.2,4.334,19.854,0.0,-0.045,-0.005,0.002
20.22,6.235,19.772,0.045,-0.048,-0.003,0.002
20.24,6.023,18.831,0.047,0.001,-0.003,0.002
20.26,4.027,18.915,-0.001,0.004,-0.003,0.002
20.28,3.933,18.996,-0.004,0.0,-0.003,0.002
20.3,4.09,18.993,-0.0,-0.0,-0.003,0.002
20.32,4.106,18.986,0.0,-0.0,-0.003,0.002
20.34,4.093,18.985,0.0,0.0,-0.003,0.002
20.36,4.09,18.985,-0.0,0.0,-0.003,0.002
20.38,2.206,19.122,-0.045,-0.0,-0.005,0.002
20.4,2.103,19.129,-0.047,0.0,-0.005,0.002
20.42,4.078,18.988,0.001,0.0,-0.005,0.002
20.44,4.492,19.887,0.004,-0.045,-0.005,-0.0
20.46,4.352,19.946,0.0,-0.047,-0.005,-0.0
20.48,4.022,19.02,-0.0,0.001,-0.005,-0.0
20.5,4.014,18.964,-0.0,0.004,-0.005,-0.0
20.52,4.039,19.037,0.0,0.0,-0.005,-0.0
20.54,4.04,19.046,0.0,-0.0,-0.005,-0.0
20.56,3.739,18.132,-0.0,0.045,-0.005,0.002
20.58,3.722,18.083,-0.0,0.047,-0.005,0.002
20.6,4.032,19.011,0.0,-0.001,-0.005,0.002
20.62,3.752,18.157,0.0,0.041,-0.005,0.003
20.64,3.71,18.035,0.0,0.047,-0.005,0.003
20.66,4.018,18.953,0.0,-0.001,-0.005,0.003
20.68,4.037,19.013,0.0,-0.004,-0.005,0.003
20.7,4.011,18.94,0.0,-0.0,-0.005,0.003
20.72,4.007,18.929,0.0,0.0,-0.005,0.003
20.74,4.007,18.933,0.0,0.0,-0.005,0.003
20.76,4.006,18.933,0.0,-0.0,-0.005,0.003
20.78,4.005,18.932,0.0,-0.0,-0.005,0.003
20.8,4.003,18.93,0.0,0.0,-0.005,0.003
20.82,4.002,18.929,0.0,0.0,-0.005,0.003
20.84,4.001,18.928,0.0,0.0,-0.005,0.003
20.86,3.999,18.926,0.0,0.0,-0.005,0.003
20.88,3.7,18.017,0.0,0.045,-0.005,0.005
20.9,3.683,17.967,0.0,0.047,-0.005,0.005
20.92,3.993,18.892,0.0,-0.001,-0.005,0.005
20.94,4.01,18.946,0.0,-0.004,-0.005,0.005
20.96,3.984,18.871,0.0,-0.0,-0.005,0.005
20.98,4.277,19.769,0.0,-0.044,-0.005,0.003
21.0,4.294,19.821,0.0,-0.047,-0.005,0.003
21.02,3.981,18.893,0.0,0.001,-0.005,0.003
21.04,3.961,18.836,0.0,0.004,-0.005,0.003
21.06,3.984,18.907,0.0,0.0,-0.005,0.003
21.08,3.986,18.915,0.0,-0.0,-0.005,0.003
21.1,4.28,19.816,0.0,-0.045,-0.005,0.002
21.12,4.295,19.862,0.0,-0.047,-0.005,0.002
21.14,3.982,18.935,0.0,0.001,-0.005,0.002
21.16,3.962,18.879,0.0,0.004,-0.005,0.002
21.18,3.986,18.951,0.0,0.0,-0.005,0.002
21.2,5.871,18.821,0.045,-0.0,-0.003,0.002
21.22,5.97,18.808,0.047,-0.0,-0.003,0.002
21.24,3.993,18.947,-0.001,0.0,-0.003,0.002
21.26,3.875,18.955,-0.004,0.0,-0.003,0.002
21.28,4.029,18.944,-0.0,-0.0,-0.003,0.002
21.3,4.344,19.85,0.0,-0.045,-0.003,-0.0
21.32,4.348,19.899,0.0,-0.047,-0.003,-0.0
21.34,4.034,18.972,-0.0,0.001,-0.003,-0.0
21.36,4.015,18.916,-0.0,0.004,-0.003,-0.0
21.38,2.155,19.127,-0.045,0.0,-0.005,-0.0
21.4,2.055,19.143,-0.047,-0.0,-0.005,-0.0
21.42,3.73,18.089,0.001,0.045,-0.005,0.002
21.44,3.831,18.032,0.004,0.047,-0.005,0.002
21.46,3.986,18.97,0.0,-0.001,-0.005,0.002
21.48,3.985,19.026,-0.0,-0.004,-0.005,0.002
21.5,3.971,18.952,-0.0,-0.0,-0.005,0.002
21.52,3.672,18.034,0.0,0.045,-0.005,0.003
21.54,3.655,17.991,0.0,0.047,-0.005,0.003
21.56,3.966,18.918,-0.0,-0.001,-0.005,0.003
21.58,3.983,18.972,-0.0,-0.004,-0.005,0.003
21.6,3.957,18.898,0.0,-0.0,-0.005,0.003
21.62,3.953,18.888,0.0,0.0,-0.005,0.003
21.64,3.953,18.892,0.0,0.0,-0.005,0.003
21.66,3.952,18.892,0.0,-0.0,-0.005,0.003
21.68,3.951,18.89,0.0,-0.0,-0.005,0.003
21.7,3.949,18.889,0.0,0.0,-0.005,0.003
21.72,3.948,18.888,0.0,0.0,-0.005,0.003
21.74,3.947,18.886,0.0,0.0,-0.005,0.003
21.76,5.829,18.747,0.045,0.0,-0.003,0.003
21.78,5.632,17.83,0.047,0.045,-0.003,0.005
21.8,3.639,17.921,-0.001,0.047,-0.003,0.005
21.82,3.832,18.855,-0.004,-0.001,-0.003,0.005
21.84,4.004,18.897,-0.0,-0.004,-0.003,0.005
21.86,3.997,18.821,0.0,-0.0,-0.003,0.005
21.88,2.395,19.857,-0.045,-0.044,-0.005,0.003
21.9,2.308,19.917,-0.047,-0.047,-0.005,0.003
21.92,3.972,18.848,0.001,0.001,-0.005,0.003
21.94,4.07,18.783,0.004,0.004,-0.005,0.003
21.96,3.938,18.865,0.0,0.0,-0.005,0.003
21.98,4.219,19.782,-0.0,-0.045,-0.005,0.002
22.0,4.243,19.823,-0.0,-0.047,-0.005,0.002
22.02,3.932,18.894,0.0,0.001,-0.005,0.002
22.04,3.912,18.838,0.0,0.004,-0.005,0.002
22.06,3.935,18.911,-0.0,0.0,-0.005,0.002
22.08,3.937,18.919,-0.0,-0.0,-0.005,0.002
22.1,3.934,18.913,0.0,-0.0,-0.005,0.002
22.12,3.932,18.911,0.0,0.0,-0.005,0.002
22.14,4.229,19.82,0.0,-0.045,-0.005,-0.0
22.16,6.128,19.73,0.045,-0.047,-0.003,-0.0
22.18,5.917,18.795,0.047,0.001,-0.003,-0.0
22.2,3.922,18.88,-0.001,0.004,-0.003,-0.0
22.22,3.828,18.962,-0.004,0.0,-0.003,-0.0
22.24,3.985,18.959,-0.0,-0.0,-0.003,-0.0
22.26,4.001,18.953,0.0,-0.0,-0.003,-0.0
22.28,3.691,18.044,0.0,0.045,-0.003,0.002
22.3,3.672,17.997,-0.0,0.047,-0.003,0.002
22.32,3.983,18.924,-0.0,-0.001,-0.003,0.002
22.34,4.001,18.978,0.0,-0.004,-0.003,0.002
22.36,2.092,19.043,-0.045,-0.0,-0.005,0.002
22.38,1.688,18.133,-0.047,0.045,-0.005,0.003
22.4,3.649,17.949,0.001,0.047,-0.005,0.003
22.42,4.077,18.868,0.004,-0.001,-0.005,0.003
22.44,3.939,18.932,0.0,-0.004,-0.005,0.003
22.46,3.895,18.859,-0.0,-0.0,-0.005,0.003
22.48,3.903,18.849,-0.0,0.0,-0.005,0.003
22.5,3.905,18.853,0.0,0.0,-0.005,0.003
22.52,3.903,18.853,0.0,-0.0,-0.005,0.003
22.54,3.902,18.851,-0.0,-0.0,-0.005,0.003
22.56,3.9,18.85,-0.0,0.0,-0.005,0.003
22.58,3.601,17.94,0.0,0.045,-0.005,0.005
22.6,3.584,17.89,0.0,0.047,-0.005,0.005
22.62,3.894,18.816,0.0,-0.001,-0.005,0.005
22.64,3.911,18.869,0.0,-0.004,-0.005,0.005
22.66,5.769,18.656,0.045,-0.0,-0.003,0.005
22.68,5.867,18.638,0.047,0.0,-0.003,0.005
22.7,4.189,19.691,-0.001,-0.045,-0.003,0.003
22.72,4.087,19.746,-0.004,-0.047,-0.003,0.003
22.74,3.929,18.806,-0.0,0.001,-0.003,0.003
22.76,3.928,18.748,0.0,0.004,-0.003,0.003
22.78,4.237,19.729,0.0,-0.045,-0.003,0.002
22.8,4.253,19.785,-0.0,-0.048,-0.003,0.002
22.82,3.94,18.851,-0.0,0.001,-0.003,0.002
22.84,3.92,18.794,0.0,0.004,-0.003,0.002
22.86,2.06,19.004,-0.045,0.0,-0.005,0.002
22.88,1.96,19.02,-0.047,-0.0,-0.005,0.002
22.9,3.933,18.873,0.001,-0.0,-0.005,0.002
22.92,4.049,18.863,0.004,0.0,-0.005,0.002
22.94,3.893,18.874,0.0,0.0,-0.005,0.002
22.96,3.873,18.875,-0.0,-0.0,-0.005,0.002
22.98,3.884,18.874,-0.0,0.0,-0.005,0.002
23.0,3.885,18.873,0.0,0.0,-0.005,0.002
23.02,3.883,18.873,0.0,0.0,-0.005,0.002
23.04,3.881,18.872,-0.0,0.0,-0.005,0.002
23.06,4.178,19.78,-0.0,-0.045,-0.005,-0.0
23.08,4.193,19.828,0.0,-0.047,-0.005,-0.0
23.1,3.881,18.901,0.0,0.001,-0.005,-0.0
23.12,5.745,18.708,0.045,0.004,-0.003,-0.0
23.14,5.87,18.773,0.047,0.0,-0.003,-0.0
23.16,3.897,18.923,-0.001,-0.0,-0.003,-0.0
23.18,3.777,18.926,-0.004,-0.0,-0.003,-0.0
23.2,3.93,18.914,-0.0,0.0,-0.003,-0.0
23.22,3.65,18.005,0.0,0.045,-0.003,0.002
23.24,3.622,17.957,0.0,0.047,-0.003,0.002
23.26,3.93,18.884,-0.0,-0.001,-0.003,0.002
23.28,3.949,18.939,-0.0,-0.004,-0.003,0.002
23.3,3.924,18.866,0.0,-0.0,-0.003,0.002
23.32,2.036,18.995,-0.045,0.0,-0.005,0.002
23.34,1.935,19.007,-0.047,0.0,-0.005,0.002
23.36,3.91,18.867,0.001,-0.0,-0.005,0.002
23.38,4.027,18.857,0.004,-0.0,-0.005,0.002
23.4,3.87,18.868,0.0,0.0,-0.005,0.002
23.42,3.851,18.869,-0.0,0.0,-0.005,0.002
23.44,3.861,18.867,-0.0,0.0,-0.005,0.002
23.46,3.862,18.867,0.0,0.0,-0.005,0.002
23.48,3.86,18.866,0.0,0.0,-0.005,0.002
23.5,3.859,18.866,-0.0,0.0,-0.005,0.002
23.52,3.858,18.865,-0.0,0.0,-0.005,0.002
23.54,3.559,17.956,0.0,0.045,-0.005,0.003
23.56,3.542,17.907,0.0,0.047,-0.005,0.003
23.58,3.852,18.834,0.0,-0.001,-0.005,0.003
23.6,3.869,18.888,0.0,-0.004,-0.005,0.003
23.62,5.727,18.676,0.045,-0.0,-0.003,0.003
23.64,5.825,18.658,0.047,0.0,-0.003,0.003
23.66,3.85,18.803,-0.001,0.0,-0.003,0.003
23.68,3.732,18.811,-0.004,-0.0,-0.003,0.003
23.7,4.183,19.707,-0.0,-0.045,-0.003,0.002
23.72,4.217,19.753,0.0,-0.047,-0.003,0.002
23.74,3.893,18.825,0.0,0.001,-0.003,0.002
23.76,3.871,18.769,-0.0,0.004,-0.003,0.002
23.78,3.895,18.842,-0.0,0.0,-0.003,0.002
23.8,3.898,18.85,0.0,-0.0,-0.003,0.002
23.82,3.895,18.843,0.0,-0.0,-0.003,0.002
23.84,3.894,18.842,-0.0,0.0,-0.003,0.002
23.86,2.009,18.98,-0.045,0.0,-0.005,0.002
23.88,1.906,18.987,-0.047,-0.0,-0.005,0.002
23.9,3.881,18.845,0.001,0.0,-0.005,0.002
23.92,3.997,18.837,0.004,0.0,-0.005,0.002
23.94,3.841,18.847,0.0,0.0,-0.005,0.002
23.96,3.822,18.848,-0.0,0.0,-0.005,0.002
23.98,3.832,18.846,-0.0,0.0,-0.005,0.002
24.0,3.833,18.846,0.0,0.0,-0.005,0.002
24.02,3.831,18.845,0.0,0.0,-0.005,0.002
24.04,3.83,18.845,-0.0,0.0,-0.005,0.002
24.06,3.829,18.844,-0.0,0.0,-0.005,0.002
24.08,3.828,18.844,0.0,0.0,-0.005,0.002
24.1,3.826,18.843,0.0,0.0,-0.005,0.002
24.12,3.825,18.843,0.0,0.0,-0.005,0.002
24.14,6.006,19.613,0.045,-0.045,-0.003,-0.0
24.16,6.123,19.653,0.047,-0.047,-0.003,-0.0
24.18,3.835,18.867,-0.001,0.001,-0.003,-0.0
24.2,3.698,18.82,-0.004,0.004,-0.003,-0.0
24.22,3.876,18.882,-0.0,0.0,-0.003,-0.0
24.24,3.897,18.889,0.0,-0.0,-0.003,-0.0
24.26,3.883,18.885,0.0,-0.0,-0.003,-0.0
24.28,3.88,18.884,-0.0,0.0,-0.003,-0.0
24.3,3.88,18.884,-0.0,0.0,-0.003,-0.0
24.32,1.995,19.023,-0.045,-0.0,-0.005,-0.0
24.34,1.893,19.03,-0.047,0.0,-0.005,-0.0
24.36,3.867,18.89,0.001,0.0,-0.005,-0.0
24.38,3.984,18.882,0.004,0.0,-0.005,-0.0
24.4,3.828,18.893,0.0,0.0,-0.005,-0.0
24.42,3.809,18.895,-0.0,0.0,-0.005,-0.0
24.44,3.82,18.894,-0.0,0.0,-0.005,-0.0
24.46,3.821,18.894,0.0,0.0,-0.005,-0.0
24.48,3.819,18.894,0.0,0.0,-0.005,-0.0
24.5,3.818,18.895,-0.0,0.0,-0.005,-0.0
24.52,3.817,18.895,-0.0,0.0,-0.005,-0.0
24.54,3.816,18.895,0.0,0.0,-0.005,-0.0
24.56,5.699,18.757,0.045,0.0,-0.003,-0.0
24.58,5.8,18.75,0.047,0.0,-0.003,-0.0
24.6,3.823,18.891,-0.001,0.0,-0.003,-0.0
24.62,3.705,18.9,-0.004,0.0,-0.003,-0.0
24.64,3.561,17.98,-0.0,0.045,-0.003,0.002
24.66,3.563,17.931,0.0,0.047,-0.003,0.002
24.68,3.862,18.859,0.0,-0.001,-0.003,0.002
24.7,3.877,18.913,-0.0,-0.004,-0.003,0.002
24.72,3.853,18.84,-0.0,-0.0,-0.003,0.002
24.74,3.849,18.831,0.0,0.0,-0.003,0.002
24.76,3.85,18.836,0.0,0.0,-0.003,0.002
24.78,3.85,18.836,-0.0,-0.0,-0.003,0.002
24.8,3.849,18.835,-0.0,-0.0,-0.003,0.002
24.82,3.848,18.835,0.0,0.0,-0.003,0.002
24.84,1.963,18.972,-0.045,0.0,-0.005,0.002
24.86,1.86,18.979,-0.047,0.0,-0.005,0.002
24.88,3.835,18.838,0.001,0.0,-0.005,0.002
24.9,4.249,19.737,0.004,-0.045,-0.005,-0.0
24.92,4.109,19.796,0.0,-0.047,-0.005,-0.0
24.94,3.778,18.87,-0.0,0.001,-0.005,-0.0
24.96,3.77,18.814,-0.0,0.004,-0.005,-0.0
24.98,4.094,19.796,0.0,-0.045,-0.005,-0.002
25.0,4.111,19.853,0.0,-0.048,-0.005,-0.002
25.02,3.797,18.921,-0.0,0.001,-0.005,-0.002
25.04,5.661,18.727,0.045,0.004,-0.003,-0.002
25.06,5.786,18.791,0.047,0.0,-0.003,-0.002
25.08,3.812,18.938,-0.001,-0.0,-0.003,-0.002
25.1,3.691,18.938,-0.004,-0.0,-0.003,-0.002
25.12,3.844,18.922,-0.0,0.0,-0.003,-0.002
25.14,3.563,18.007,0.0,0.045,-0.003,-0.0
25.16,3.533,17.954,0.0,0.047,-0.003,-0.0
25.18,3.84,18.873,-0.0,-0.001,-0.003,-0.0
25.2,3.856,18.92,-0.0,-0.004,-0.003,-0.0
25.22,3.829,18.837,0.0,-0.0,-0.003,-0.0
25.24,3.823,18.817,0.0,0.0,-0.003,-0.0
25.26,3.822,18.811,-0.0,0.0,-0.003,-0.0
25.28,1.934,18.937,-0.045,-0.0,-0.005,-0.0
25.3,1.531,18.021,-0.047,0.045,-0.005,0.002
25.32,3.486,17.817,0.001,0.047,-0.005,0.002
25.34,3.911,18.719,0.004,-0.001,-0.005,0.002
25.36,3.769,18.768,0.0,-0.004,-0.005,0.002
25.38,3.721,18.678,-0.0,-0.0,-0.005,0.002
25.4,3.725,18.648,-0.0,0.0,-0.005,0.002
25.42,3.723,18.633,0.0,0.0,-0.005,0.002
25.44,5.303,17.565,0.045,0.045,-0.003,0.003
25.46,5.382,17.486,0.047,0.047,-0.003,0.003
25.48,3.712,18.53,-0.001,-0.001,-0.003,0.003
25.5,3.607,18.567,-0.004,-0.004,-0.003,0.003
25.52,3.731,18.457,-0.0,-0.0,-0.003,0.003
25.54,3.739,18.419,0.0,0.0,-0.003,0.003
25.56,4.02,19.305,0.0,-0.045,-0.003,0.002
25.58,4.027,19.325,-0.0,-0.047,-0.003,0.002
25.6,3.709,18.367,-0.0,0.001,-0.003,0.002
25.62,3.683,18.28,0.0,0.004,-0.003,0.002
25.64,3.998,19.229,0.0,-0.045,-0.003,-0.0
25.66,4.009,19.253,-0.0,-0.048,-0.003,-0.0
25.68,3.687,18.286,-0.0,0.001,-0.003,-0.0
25.7,3.66,18.196,0.0,0.004,-0.003,-0.0
25.72,3.974,19.142,0.0,-0.045,-0.003,-0.002
25.74,3.985,19.162,0.0,-0.048,-0.003,-0.002
25.76,3.663,18.192,0.0,0.001,-0.003,-0.002
25.78,3.635,18.098,0.0,0.004,-0.003,-0.002
25.8,3.948,19.041,0.0,-0.045,-0.003,-0.004
25.82,3.958,19.058,0.0,-0.048,-0.003,-0.004
25.84,3.635,18.085,0.0,0.001,-0.003,-0.004
25.86,3.606,17.988,0.0,0.004,-0.003,-0.004
25.88,3.621,18.019,0.0,0.0,-0.003,-0.004
25.9,3.614,17.984,0.0,-0.0,-0.003,-0.004
25.92,3.601,17.935,0.0,-0.0,-0.003,-0.004
25.94,1.706,18.027,-0.045,0.0,-0.005,-0.004
25.96,1.594,17.988,-0.047,0.0,-0.005,-0.004
25.98,3.558,17.801,0.001,-0.0,-0.005,-0.004
26.0,3.665,17.744,0.004,0.0,-0.005,-0.004
26.02,3.498,17.706,0.0,0.0,-0.005,-0.004
26.04,3.468,17.657,-0.0,0.0,-0.005,-0.004
26.06,5.351,17.467,0.045,0.0,-0.003,-0.004
26.08,5.443,17.407,0.047,0.0,-0.003,-0.004
26.1,3.454,17.494,-0.001,0.0,-0.003,-0.004
26.12,3.621,18.357,-0.004,-0.045,-0.003,-0.005
26.14,3.779,18.339,-0.0,-0.047,-0.003,-0.005
26.16,3.473,17.355,0.0,0.001,-0.003,-0.005
26.18,3.43,17.243,0.0,0.004,-0.003,-0.005
26.2,3.439,17.259,-0.0,0.0,-0.003,-0.005
26.22,3.727,18.117,-0.0,-0.045,-0.003,-0.007
26.24,3.728,18.1,0.0,-0.047,-0.003,-0.007
26.26,3.402,17.112,0.0,0.001,-0.003,-0.007
26.28,3.37,16.996,-0.0,0.004,-0.003,-0.007
26.3,3.678,17.915,-0.0,-0.045,-0.003,-0.009
26.32,3.682,17.909,0.0,-0.048,-0.003,-0.009
26.34,3.355,16.913,0.0,0.001,-0.003,-0.009
26.36,3.619,17.701,0.0,-0.041,-0.003,-0.011
26.38,1.76,17.895,-0.045,-0.047,-0.005,-0.011
26.4,1.633,17.826,-0.047,-0.044,-0.005,-0.012
26.42,3.589,17.607,0.001,-0.043,-0.005,-0.012
26.44,3.403,16.676,0.004,0.001,-0.005,-0.012
26.46,3.515,17.481,0.0,-0.041,-0.005,-0.014
26.48,5.403,17.391,0.044,-0.047,-0.003,-0.014
26.5,5.49,17.303,0.047,-0.044,-0.003,-0.016
26.52,3.496,17.361,-0.001,-0.043,-0.003,-0.016
26.54,3.372,17.352,-0.004,-0.044,-0.003,-0.018
26.56,3.511,17.271,-0.0,-0.044,-0.003,-0.018
26.58,3.521,17.247,0.0,-0.044,-0.003,-0.019
26.6,3.791,18.084,0.0,-0.088,-0.003,-0.021
26.62,3.5,17.2,-0.0,-0.046,-0.003,-0.021
26.64,3.454,17.06,-0.0,-0.04,-0.003,-0.023
26.66,3.756,17.955,0.0,-0.088,-0.003,-0.024
26.68,3.47,17.081,0.0,-0.046,-0.003,-0.024
26.7,3.422,16.936,-0.0,-0.04,-0.003,-0.026
26.72,3.723,17.828,-0.0,-0.088,-0.003,-0.028
26.74,3.735,17.862,0.0,-0.091,-0.003,-0.03
26.76,3.405,16.855,0.0,-0.043,-0.003,-0.03
26.78,3.377,16.77,0.0,-0.04,-0.003,-0.031
26.8,1.798,17.813,-0.045,-0.088,-0.005,-0.033
26.82,1.707,17.848,-0.047,-0.091,-0.005,-0.035
26.84,3.351,16.697,0.001,-0.043,-0.005,-0.035
26.86,3.739,17.511,0.004,-0.084,-0.005,-0.038
26.88,3.606,17.565,0.0,-0.091,-0.005,-0.038
26.9,5.154,16.479,0.044,-0.043,-0.003,-0.04
26.92,5.527,17.24,0.047,-0.085,-0.003,-0.042
26.94,3.584,17.469,-0.001,-0.091,-0.003,-0.044
26.96,3.437,17.388,-0.004,-0.088,-0.003,-0.045
26.98,3.578,17.332,-0.0,-0.087,-0.003,-0.047
27.0,3.589,17.304,0.0,-0.087,-0.003,-0.049
27.02,3.27,16.365,0.0,-0.043,-0.003,-0.049
27.04,3.243,16.285,-0.0,-0.04,-0.003,-0.051
27.06,3.545,17.179,-0.0,-0.088,-0.003,-0.052
27.08,3.555,17.201,0.0,-0.091,-0.003,-0.054
27.1,3.521,17.095,0.0,-0.087,-0.003,-0.056
27.12,3.508,17.052,-0.0,-0.087,-0.003,-0.058
27.14,3.798,17.932,-0.0,-0.132,-0.003,-0.061
27.16,3.804,17.947,0.0,-0.135,-0.003,-0.063
27.18,3.483,16.985,0.0,-0.086,-0.003,-0.065
27.2,3.157,15.987,0.0,-0.039,-0.003,-0.065
27.22,3.155,15.977,0.0,-0.04,-0.003,-0.066
27.24,3.46,16.878,0.0,-0.089,-0.003,-0.068
27.26,3.764,17.801,0.0,-0.136,-0.003,-0.072
27.28,3.745,17.739,0.0,-0.135,-0.003,-0.073
27.3,3.421,16.768,0.0,-0.086,-0.003,-0.075
27.32,3.394,16.683,0.0,-0.083,-0.003,-0.077
27.34,3.111,15.812,0.0,-0.042,-0.003,-0.077
27.36,3.385,16.644,0.0,-0.085,-0.003,-0.08
27.38,3.701,17.578,0.0,-0.136,-0.003,-0.082
27.4,3.397,16.668,0.0,-0.09,-0.003,-0.084
27.42,3.642,17.412,0.0,-0.128,-0.003,-0.087
27.44,3.669,17.487,0.0,-0.134,-0.003,-0.089
27.46,3.054,15.628,0.0,-0.042,-0.003,-0.089
27.48,3.305,16.392,0.0,-0.081,-0.003,-0.093
27.5,3.646,17.401,0.0,-0.135,-0.003,-0.094
27.52,3.346,16.5,0.0,-0.09,-0.003,-0.096
27.54,3.588,17.237,0.0,-0.128,-0.003,-0.1
27.56,3.615,17.311,0.0,-0.134,-0.003,-0.101
27.58,3.298,16.36,0.0,-0.087,-0.003,-0.103
27.6,3.267,16.263,0.0,-0.083,-0.003,-0.105
27.62,3.281,16.296,0.0,-0.087,-0.003,-0.107
27.64,3.273,16.267,0.0,-0.088,-0.003,-0.108
27.66,3.558,17.132,0.0,-0.132,-0.003,-0.112
27.68,3.563,17.14,0.0,-0.135,-0.003,-0.114
27.7,3.241,16.175,0.0,-0.086,-0.003,-0.115
27.72,3.212,16.081,0.0,-0.083,-0.003,-0.117
27.74,3.523,17.024,0.0,-0.132,-0.003,-0.12
27.76,3.234,16.133,0.0,-0.09,-0.003,-0.12
27.78,3.191,16.022,0.0,-0.084,-0.003,-0.124
27.8,3.489,16.902,0.0,-0.132,-0.003,-0.126
27.82,3.508,16.972,0.0,-0.135,-0.003,-0.129
27.84,3.175,15.953,0.0,-0.086,-0.003,-0.129
27.86,3.154,15.906,0.0,-0.083,-0.003,-0.133
27.88,3.755,17.708,0.0,-0.177,-0.003,-0.136
27.9,3.49,16.914,0.0,-0.137,-0.003,-0.138
27.92,3.127,15.827,0.0,-0.083,-0.003,-0.14
27.94,3.415,16.7,0.0,-0.128,-0.003,-0.143
27.96,3.152,15.886,0.0,-0.09,-0.003,-0.143
27.98,3.112,15.784,0.0,-0.084,-0.003,-0.147
28.0,3.706,17.567,0.0,-0.176,-0.003,-0.15
28.02,3.443,16.776,0.0,-0.137,-0.003,-0.152
28.04,3.08,15.691,0.0,-0.083,-0.003,-0.154
28.06,3.368,16.563,0.0,-0.128,-0.003,-0.157
28.08,3.403,16.658,0.0,-0.135,-0.003,-0.159
28.1,3.379,16.605,0.0,-0.131,-0.003,-0.162
28.12,3.066,15.644,0.0,-0.086,-0.003,-0.162
28.14,3.05,15.61,0.0,-0.084,-0.003,-0.166
28.16,3.649,17.408,0.0,-0.177,-0.003,-0.169
28.18,3.384,16.613,0.0,-0.137,-0.003,-0.171
28.2,3.319,16.435,0.0,-0.128,-0.003,-0.175
28.22,3.325,16.448,0.0,-0.13,-0.003,-0.176
28.24,3.33,16.476,0.0,-0.131,-0.003,-0.18
28.26,3.318,16.435,0.0,-0.131,-0.003,-0.182
28.28,3.018,15.536,0.0,-0.086,-0.003,-0.183
28.3,2.992,15.45,0.0,-0.084,-0.003,-0.185
28.32,3.004,15.479,0.0,-0.087,-0.003,-0.187
28.34,3.293,16.357,0.0,-0.132,-0.003,-0.19
28.36,3.297,16.361,0.0,-0.135,-0.003,-0.192
28.38,3.272,16.302,0.0,-0.131,-0.003,-0.196
28.4,2.961,15.348,0.0,-0.086,-0.003,-0.196
28.42,2.945,15.315,0.0,-0.084,-0.003,-0.199
28.44,3.544,17.114,0.0,-0.177,-0.003,-0.203
28.46,3.577,17.227,0.0,-0.182,-0.003,-0.206
28.48,3.23,16.189,0.0,-0.13,-0.003,-0.208
28.5,3.207,16.136,0.0,-0.127,-0.003,-0.211
28.52,2.925,15.268,0.0,-0.086,-0.003,-0.211
28.54,2.911,15.24,0.0,-0.084,-0.003,-0.215
28.56,3.21,16.124,0.0,-0.132,-0.003,-0.216
28.58,3.226,16.189,0.0,-0.135,-0.003,-0.22
28.6,2.894,15.17,0.0,-0.086,-0.003,-0.22
28.62,2.873,15.124,0.0,-0.083,-0.003,-0.223
28.64,3.474,16.928,0.0,-0.177,-0.003,-0.227
28.66,3.209,16.134,0.0,-0.137,-0.003,-0.229
28.68,3.144,15.956,0.0,-0.128,-0.003,-0.232
28.7,3.151,15.97,0.0,-0.13,-0.003,-0.234
28.72,2.858,15.091,0.0,-0.086,-0.003,-0.236
28.74,3.128,15.911,0.0,-0.128,-0.003,-0.239
28.76,3.156,15.987,0.0,-0.134,-0.003,-0.241
28.78,3.134,15.938,0.0,-0.131,-0.003,-0.244
28.8,2.822,14.98,0.0,-0.086,-0.003,-0.244
28.82,2.805,14.947,0.0,-0.084,-0.003,-0.248
28.84,3.405,16.747,0.0,-0.177,-0.003,-0.251
28.86,3.14,15.953,0.0,-0.137,-0.003,-0.253
28.88,3.075,15.776,0.0,-0.128,-0.003,-0.257
28.9,3.082,15.79,0.0,-0.13,-0.003,-0.258
28.92,2.789,14.911,0.0,-0.086,-0.003,-0.26
28.94,2.762,14.823,0.0,-0.084,-0.003,-0.262
28.96,3.071,15.76,0.0,-0.132,-0.003,-0.265
28.98,3.377,16.687,0.0,-0.18,-0.003,-0.269
29.0,2.772,14.857,0.0,-0.089,-0.003,-0.269
29.02,2.712,14.696,0.0,-0.08,-0.003,-0.272
29.04,3.333,16.561,0.0,-0.176,-0.003,-0.276
29.06,2.776,14.872,0.0,-0.093,-0.003,-0.276
29.08,2.693,14.643,0.0,-0.08,-0.003,-0.279
29.1,3.309,16.492,0.0,-0.176,-0.003,-0.283
29.12,3.051,15.717,0.0,-0.138,-0.003,-0.285
29.14,2.985,15.538,0.0,-0.128,-0.003,-0.288
29.16,2.992,15.551,0.0,-0.13,-0.003,-0.29
29.18,2.699,14.673,0.0,-0.086,-0.003,-0.292
29.2,2.969,15.494,0.0,-0.128,-0.003,-0.295
29.22,2.699,14.662,0.0,-0.09,-0.003,-0.295
29.24,2.662,14.566,0.0,-0.084,-0.003,-0.299
29.26,2.959,15.444,0.0,-0.132,-0.003,-0.3
29.28,2.977,15.515,0.0,-0.135,-0.003,-0.304
29.3,2.943,15.407,0.0,-0.131,-0.003,-0.305
29.32,2.641,14.501,0.0,-0.086,-0.003,-0.307
29.34,2.914,15.33,0.0,-0.128,-0.003,-0.311
29.36,2.645,14.502,0.0,-0.09,-0.003,-0.311
29.38,2.607,14.404,0.0,-0.084,-0.003,-0.314
29.4,3.202,16.19,0.0,-0.176,-0.003,-0.318
29.42,2.938,15.401,0.0,-0.137,-0.003,-0.319
29.44,2.577,14.317,0.0,-0.083,-0.003,-0.321
29.46,2.567,14.284,0.0,-0.083,-0.003,-0.323
29.48,2.586,14.332,0.0,-0.087,-0.003,-0.325
29.5,2.874,15.207,0.0,-0.132,-0.003,-0.328
29.52,2.58,14.303,0.0,-0.09,-0.003,-0.328
29.54,2.539,14.197,0.0,-0.084,-0.003,-0.332
29.56,2.838,15.08,0.0,-0.132,-0.003,-0.333
29.58,2.559,14.242,0.0,-0.09,-0.003,-0.335
29.6,2.508,14.085,0.0,-0.084,-0.003,-0.337
29.62,2.517,14.105,0.0,-0.087,-0.003,-0.339
29.64,2.511,14.079,0.0,-0.088,-0.003,-0.34
29.66,2.796,14.945,0.0,-0.132,-0.003,-0.344
29.68,2.503,14.044,0.0,-0.09,-0.003,-0.344
29.7,2.463,13.938,0.0,-0.084,-0.003,-0.347
29.72,2.761,14.819,0.0,-0.132,-0.003,-0.349
29.74,2.779,14.889,0.0,-0.135,-0.003,-0.353
29.76,2.744,14.778,0.0,-0.131,-0.003,-0.354
29.78,2.144,12.962,0.0,-0.041,-0.003,-0.354
29.8,2.401,13.741,0.0,-0.081,-0.003,-0.358
29.82,2.74,14.745,0.0,-0.135,-0.003,-0.36
29.84,2.439,13.84,0.0,-0.09,-0.003,-0.361
29.86,2.681,14.575,0.0,-0.128,-0.003,-0.365
29.88,2.707,14.647,0.0,-0.134,-0.003,-0.367
29.9,2.389,13.694,0.0,-0.087,-0.003,-0.368
29.92,2.358,13.594,0.0,-0.083,-0.003,-0.37
29.94,2.669,14.534,0.0,-0.132,-0.003,-0.374
29.96,2.677,14.551,0.0,-0.135,-0.003,-0.375
29.98,2.353,13.578,0.0,-0.086,-0.003,-0.377
30.0,2.323,13.481,0.0,-0.083,-0.003,-0.379
30.02,2.336,13.514,0.0,-0.087,-0.003,-0.381
30.04,2.626,14.391,0.0,-0.132,-0.003,-0.384
30.06,2.629,14.395,0.0,-0.135,-0.003,-0.386
30.08,2.307,13.429,0.0,-0.086,-0.003,-0.388
30.1,2.278,13.337,0.0,-0.083,-0.003,-0.389
30.12,2.59,14.283,0.0,-0.132,-0.003,-0.393
30.14,2.301,13.396,0.0,-0.09,-0.003,-0.393
30.16,2.26,13.289,0.0,-0.084,-0.003,-0.396
30.18,2.857,15.084,0.0,-0.176,-0.003,-0.4
30.2,2.595,14.301,0.0,-0.137,-0.003,-0.401
30.22,2.235,13.223,0.0,-0.083,-0.003,-0.403
30.24,2.525,14.105,0.0,-0.128,-0.003,-0.407
30.26,2.263,13.302,0.0,-0.09,-0.003,-0.407
30.28,2.227,13.211,0.0,-0.084,-0.003,-0.41
30.3,2.525,14.098,0.0,-0.132,-0.003,-0.412
30.32,2.546,14.18,0.0,-0.135,-0.003,-0.415
30.34,2.514,14.084,0.0,-0.131,-0.003,-0.417
30.36,2.215,13.192,0.0,-0.086,-0.003,-0.419
30.38,2.194,13.126,0.0,-0.084,-0.003,-0.421
30.4,2.507,14.081,0.0,-0.132,-0.003,-0.424
30.42,2.221,13.207,0.0,-0.09,-0.003,-0.424
30.44,2.183,13.114,0.0,-0.084,-0.003,-0.428
30.46,2.187,13.106,0.0,-0.087,-0.003,-0.428
30.48,2.194,13.148,0.0,-0.088,-0.003,-0.431
30.5,2.475,13.986,0.0,-0.132,-0.003,-0.433
30.52,2.494,14.064,0.0,-0.135,-0.003,-0.436
30.54,2.466,13.982,0.0,-0.131,-0.003,-0.438
30.56,2.169,13.1,0.0,-0.086,-0.003,-0.44
30.58,2.149,13.043,0.0,-0.084,-0.003,-0.442
30.6,2.167,13.099,0.0,-0.087,-0.003,-0.443
30.62,2.164,13.094,0.0,-0.088,-0.003,-0.445
30.64,2.456,13.985,0.0,-0.132,-0.003,-0.449
30.66,2.169,13.114,0.0,-0.09,-0.003,-0.449
30.68,2.135,13.037,0.0,-0.084,-0.003,-0.452
30.7,2.44,13.949,0.0,-0.132,-0.003,-0.454
30.72,2.167,13.142,0.0,-0.09,-0.003,-0.456
30.74,2.123,13.015,0.0,-0.084,-0.003,-0.457
30.76,2.139,13.068,0.0,-0.087,-0.003,-0.459
30.78,2.438,13.984,0.0,-0.132,-0.003,-0.463
30.8,2.151,13.115,0.0,-0.09,-0.003,-0.463
30.82,1.82,12.134,0.0,-0.039,-0.003,-0.464
30.84,2.408,13.912,0.0,-0.129,-0.003,-0.468
30.86,2.465,14.086,0.0,-0.138,-0.003,-0.47
30.88,2.129,13.094,0.0,-0.087,-0.003,-0.471
30.9,2.103,13.024,0.0,-0.083,-0.003,-0.473
30.92,2.127,13.102,0.0,-0.087,-0.003,-0.475
30.94,2.128,13.114,0.0,-0.088,-0.003,-0.477
30.96,2.125,13.11,0.0,-0.087,-0.003,-0.478
30.98,2.122,13.112,0.0,-0.087,-0.003,-0.48
31.0,2.121,13.116,0.0,-0.087,-0.003,-0.482
31.02,1.822,12.212,0.0,-0.042,-0.003,-0.482
31.04,1.805,12.169,0.0,-0.04,-0.003,-0.484
31.06,2.115,13.102,0.0,-0.088,-0.003,-0.485
31.08,2.133,13.163,0.0,-0.091,-0.003,-0.487
31.1,2.107,13.097,0.0,-0.087,-0.003,-0.489
31.12,2.104,13.096,0.0,-0.087,-0.003,-0.49
31.14,2.105,13.11,0.0,-0.087,-0.003,-0.492
31.16,1.807,12.211,0.0,-0.043,-0.003,-0.492
31.18,2.088,13.081,0.0,-0.085,-0.003,-0.496
31.2,2.118,13.158,0.0,-0.091,-0.003,-0.496
31.22,1.809,12.249,0.0,-0.043,-0.003,-0.497
31.24,2.078,13.059,0.0,-0.085,-0.003,-0.499
31.26,2.118,13.191,0.0,-0.091,-0.003,-0.501
31.28,3.685,12.099,0.045,-0.043,-0.002,-0.501
31.3,3.767,12.043,0.047,-0.04,-0.002,-0.503
31.32,2.106,13.129,-0.001,-0.088,-0.002,-0.504
31.34,2.008,13.209,-0.004,-0.091,-0.002,-0.506
31.36,0.255,13.278,-0.045,-0.087,-0.003,-0.508
31.38,0.17,13.291,-0.047,-0.087,-0.003,-0.51
31.4,1.84,12.265,0.001,-0.042,-0.003,-0.51
31.42,1.941,12.227,0.004,-0.04,-0.003,-0.511
31.44,2.1,13.182,0.0,-0.088,-0.003,-0.513
31.46,1.804,12.348,-0.0,-0.046,-0.003,-0.513
31.48,1.777,12.245,-0.0,-0.04,-0.003,-0.515
31.5,2.09,13.183,0.0,-0.088,-0.003,-0.517
31.52,1.813,12.355,0.0,-0.046,-0.003,-0.517
31.54,1.775,12.256,-0.0,-0.04,-0.003,-0.518
31.56,2.086,13.195,-0.0,-0.088,-0.003,-0.52
31.58,1.811,12.368,0.0,-0.046,-0.003,-0.52
31.6,3.657,12.132,0.045,-0.04,-0.002,-0.522
31.62,3.772,12.157,0.047,-0.043,-0.002,-0.522
31.64,1.804,12.332,-0.001,-0.044,-0.002,-0.524
31.66,1.976,13.219,-0.004,-0.088,-0.002,-0.525
31.68,1.852,12.37,-0.0,-0.046,-0.002,-0.525
31.7,-0.347,11.506,-0.044,0.005,-0.003,-0.525
31.72,-0.165,12.41,-0.047,-0.041,-0.003,-0.527
31.74,2.144,13.282,0.001,-0.092,-0.003,-0.529
31.76,2.26,13.282,0.004,-0.091,-0.003,-0.531
31.78,1.783,12.329,0.0,-0.042,-0.003,-0.531
31.8,1.751,12.305,-0.0,-0.04,-0.003,-0.532
31.82,1.782,12.356,-0.0,-0.044,-0.003,-0.532
31.84,1.791,12.391,0.0,-0.044,-0.003,-0.534
31.86,1.783,12.364,0.0,-0.044,-0.003,-0.534
31.88,3.372,11.344,0.045,0.001,-0.002,-0.534
31.9,3.751,12.177,0.047,-0.041,-0.002,-0.536
31.92,1.809,12.412,-0.001,-0.047,-0.002,-0.536
31.94,1.675,12.389,-0.004,-0.044,-0.002,-0.538
31.96,1.821,12.345,-0.0,-0.043,-0.002,-0.538
31.98,1.547,11.468,0.0,0.001,-0.002,-0.538
32.0,1.813,12.312,0.0,-0.041,-0.002,-0.539
32.02,-0.039,12.546,-0.045,-0.047,-0.003,-0.539
32.04,-0.156,12.523,-0.047,-0.044,-0.003,-0.541
32.06,1.811,12.351,0.001,-0.043,-0.003,-0.541
32.08,1.637,11.469,0.004,0.001,-0.003,-0.541
32.1,3.644,12.186,0.045,-0.041,-0.002,-0.543
32.12,3.761,12.277,0.047,-0.047,-0.002,-0.543
32.14,1.484,11.48,-0.001,0.001,-0.002,-0.543
32.16,1.642,12.318,-0.004,-0.041,-0.002,-0.545
32.18,1.832,12.41,-0.0,-0.047,-0.002,-0.545
32.2,1.835,12.382,0.0,-0.044,-0.002,-0.546
32.22,1.816,12.354,0.0,-0.043,-0.002,-0.546
32.24,1.522,11.482,-0.0,0.001,-0.002,-0.546
32.26,1.801,12.329,-0.0,-0.041,-0.002,-0.548
32.28,1.837,12.428,0.0,-0.047,-0.002,-0.548
32.3,1.822,12.402,0.0,-0.044,-0.002,-0.55
32.32,1.814,12.374,-0.0,-0.043,-0.002,-0.55
32.34,1.523,11.504,-0.0,0.001,-0.002,-0.55
32.36,1.802,12.352,0.0,-0.041,-0.002,-0.552
32.38,1.837,12.453,0.0,-0.047,-0.002,-0.552
32.4,1.525,11.52,0.0,0.001,-0.002,-0.552
32.42,1.799,12.354,0.0,-0.041,-0.002,-0.553
32.44,1.836,12.461,0.0,-0.047,-0.002,-0.553
32.46,1.524,11.529,0.0,0.001,-0.002,-0.553
32.48,1.798,12.364,0.0,-0.041,-0.002,-0.555
32.5,1.835,12.471,0.0,-0.047,-0.002,-0.555
32.52,1.524,11.541,0.0,0.001,-0.002,-0.555
32.54,1.5,11.468,0.0,0.004,-0.002,-0.555
32.56,1.819,12.436,0.0,-0.045,-0.002,-0.557
32.58,1.835,12.481,0.0,-0.048,-0.002,-0.557
32.6,1.519,11.537,0.0,0.001,-0.002,-0.557
32.62,1.498,11.469,0.0,0.004,-0.002,-0.557
32.64,1.519,11.531,0.0,0.0,-0.002,-0.557
32.66,1.817,12.437,0.0,-0.045,-0.002,-0.559
32.68,1.829,12.468,0.0,-0.047,-0.002,-0.559
32.7,1.514,11.529,0.0,0.001,-0.002,-0.559
32.72,1.493,11.463,0.0,0.004,-0.002,-0.559
32.74,1.515,11.526,0.0,0.0,-0.002,-0.559
32.76,1.813,12.432,0.0,-0.045,-0.002,-0.56
32.78,1.824,12.464,0.0,-0.047,-0.002,-0.56
32.8,1.51,11.526,0.0,0.001,-0.002,-0.56
32.82,1.489,11.461,0.0,0.004,-0.002,-0.56
32.84,1.511,11.524,0.0,0.0,-0.002,-0.56
32.86,1.809,12.432,0.0,-0.045,-0.002,-0.562
32.88,1.821,12.465,0.0,-0.047,-0.002,-0.562
32.9,1.507,11.527,0.0,0.001,-0.002,-0.562
32.92,1.486,11.463,0.0,0.004,-0.002,-0.562
32.94,1.508,11.527,0.0,0.0,-0.002,-0.562
32.96,1.807,12.435,0.0,-0.045,-0.002,-0.564
32.98,1.819,12.469,0.0,-0.047,-0.002,-0.564
33.0,1.504,11.532,0.0,0.001,-0.002,-0.564
33.02,1.484,11.468,0.0,0.004,-0.002,-0.564
33.04,1.506,11.533,0.0,0.0,-0.002,-0.564
33.06,1.507,11.533,0.0,-0.0,-0.002,-0.564
33.08,-0.381,11.657,-0.045,-0.0,-0.003,-0.564
33.1,-0.486,11.655,-0.047,0.0,-0.003,-0.564
33.12,1.488,11.507,0.001,0.0,-0.003,-0.564
33.14,1.603,11.49,0.004,-0.0,-0.003,-0.564
33.16,3.33,11.355,0.045,-0.0,-0.002,-0.564
33.18,3.411,11.341,0.047,0.0,-0.002,-0.564
33.2,1.445,11.472,-0.001,0.0,-0.002,-0.564
33.22,1.327,11.472,-0.004,0.0,-0.002,-0.564
33.24,1.479,11.453,-0.0,0.0,-0.002,-0.564
33.26,-0.092,12.49,-0.044,-0.045,-0.003,-0.566
33.28,-0.191,12.538,-0.047,-0.047,-0.003,-0.566
33.3,1.468,11.463,0.001,0.001,-0.003,-0.566
33.32,1.566,11.391,0.004,0.004,-0.003,-0.566
33.34,1.434,11.468,0.0,0.0,-0.003,-0.566
33.36,1.714,12.379,-0.0,-0.045,-0.003,-0.567
33.38,1.737,12.413,-0.0,-0.047,-0.003,-0.567
33.4,1.425,11.478,0.0,0.001,-0.003,-0.567
33.42,3.288,11.278,0.045,0.004,-0.002,-0.567
33.44,3.412,11.337,0.047,0.0,-0.002,-0.567
33.46,1.437,11.479,-0.001,-0.0,-0.002,-0.567
33.48,1.614,12.384,-0.004,-0.045,-0.002,-0.569
33.5,1.783,12.414,-0.0,-0.047,-0.002,-0.569
33.52,1.488,11.479,0.0,0.001,-0.002,-0.569
33.54,1.456,11.419,0.0,0.004,-0.002,-0.569
33.56,1.476,11.485,-0.0,0.0,-0.002,-0.569
33.58,1.776,12.396,-0.0,-0.045,-0.002,-0.571
33.6,1.789,12.433,0.0,-0.047,-0.002,-0.571
33.62,1.476,11.5,0.0,0.001,-0.002,-0.571
33.64,-0.428,11.577,-0.045,0.004,-0.003,-0.571
33.66,-0.21,12.561,-0.047,-0.045,-0.003,-0.573
33.68,1.783,12.472,0.001,-0.048,-0.003,-0.573
33.7,1.586,11.526,0.004,0.001,-0.003,-0.573
33.72,3.295,11.338,0.045,0.004,-0.002,-0.573
33.74,3.401,11.401,0.047,0.0,-0.002,-0.573
33.76,1.439,11.545,-0.001,-0.0,-0.002,-0.573
33.78,1.32,11.543,-0.004,-0.0,-0.002,-0.573
33.8,1.77,12.435,-0.0,-0.045,-0.002,-0.574
33.82,1.803,12.478,0.0,-0.047,-0.002,-0.574
33.84,1.479,11.548,0.0,0.001,-0.002,-0.574
33.86,1.457,11.489,-0.0,0.004,-0.002,-0.574
33.88,1.481,11.558,-0.0,0.0,-0.002,-0.574
33.9,1.483,11.563,0.0,-0.0,-0.002,-0.574
33.92,1.48,11.553,0.0,-0.0,-0.002,-0.574
33.94,1.478,11.549,-0.0,0.0,-0.002,-0.574
33.96,1.477,11.545,-0.0,0.0,-0.002,-0.574
33.98,1.476,11.542,0.0,-0.0,-0.002,-0.574
34.0,1.475,11.538,0.0,-0.0,-0.002,-0.574
34.02,1.474,11.534,0.0,0.0,-0.002,-0.574
34.04,1.473,11.53,0.0,0.0,-0.002,-0.574
34.06,1.471,11.527,0.0,0.0,-0.002,-0.574
34.08,1.47,11.523,0.0,0.0,-0.002,-0.574
34.1,1.469,11.519,0.0,0.0,-0.002,-0.574
34.12,1.468,11.515,0.0,0.0,-0.002,-0.574
34.14,1.467,11.512,0.0,0.0,-0.002,-0.574
34.16,1.466,11.508,0.0,0.0,-0.002,-0.574
34.18,1.464,11.504,0.0,0.0,-0.002,-0.574
34.2,1.463,11.501,0.0,0.0,-0.002,-0.574
34.22,1.462,11.497,0.0,0.0,-0.002,-0.574
34.24,1.461,11.493,0.0,0.0,-0.002,-0.574
34.26,1.46,11.489,0.0,0.0,-0.002,-0.574
34.28,1.459,11.486,0.0,0.0,-0.002,-0.574
34.3,1.457,11.482,0.0,0.0,-0.002,-0.574
34.32,1.456,11.478,0.0,0.0,-0.002,-0.574
34.34,1.455,11.474,0.0,0.0,-0.002,-0.574
34.36,1.454,11.471,0.0,0.0,-0.002,-0.574
34.38,1.453,11.467,0.0,0.0,-0.002,-0.574
34.4,1.452,11.463,0.0,0.0,-0.002,-0.574
34.42,1.45,11.459,0.0,0.0,-0.002,-0.574
34.44,1.449,11.456,0.0,0.0,-0.002,-0.574
34.46,1.448,11.452,0.0,0.0,-0.002,-0.574
34.48,-0.437,11.586,-0.045,0.0,-0.003,-0.574
34.5,-0.54,11.59,-0.047,0.0,-0.003,-0.574
34.52,3.318,11.308,0.046,0.0,-0.002,-0.574
34.54,3.536,11.288,0.051,0.0,-0.002,-0.574
34.56,1.404,11.436,-0.001,0.0,-0.002,-0.574
34.58,-0.617,11.58,-0.049,0.0,-0.003,-0.574
34.6,-0.553,11.572,-0.047,0.0,-0.003,-0.574
34.62,1.441,11.426,0.001,0.0,-0.003,-0.574
34.64,1.843,12.323,0.004,-0.045,-0.003,-0.576
34.66,1.7,12.379,0.0,-0.047,-0.003,-0.576
34.68,1.37,11.45,-0.0,0.001,-0.003,-0.576
34.7,3.246,11.253,0.045,0.004,-0.002,-0.576
34.72,3.373,11.315,0.047,0.0,-0.002,-0.576
34.74,1.398,11.462,-0.001,-0.0,-0.002,-0.576
34.76,1.277,11.462,-0.004,-0.0,-0.002,-0.576
34.78,1.431,11.447,-0.0,0.0,-0.002,-0.576
34.8,1.448,11.443,0.0,0.0,-0.002,-0.576
34.82,1.436,11.441,0.0,-0.0,-0.002,-0.576
34.84,1.433,11.438,-0.0,-0.0,-0.002,-0.576
34.86,1.433,11.435,-0.0,0.0,-0.002,-0.576
34.88,1.432,11.432,0.0,0.0,-0.002,-0.576
34.9,1.431,11.429,0.0,0.0,-0.002,-0.576
34.92,1.43,11.426,-0.0,0.0,-0.002,-0.576
34.94,1.429,11.423,-0.0,0.0,-0.002,-0.576
34.96,-0.456,11.558,-0.045,0.0,-0.003,-0.576
